Filename; Timestamp from FTS; Matching Timestamp from TXT; Branch number; Position in branch; Branch length; Branch generation; branchCode; Offset [mm]
BronchoscopyVideo_1_20260106T094137_openCV_0.mhd; 1767688934073;-1;-1;-1;-1;-1;-1;-1
BronchoscopyVideo_1_20260106T094137_openCV_1.mhd; 1767688934173;-1;-1;-1;-1;-1;-1;-1
BronchoscopyVideo_1_20260106T094137_openCV_2.mhd; 1767688934239;-1;-1;-1;-1;-1;-1;-1
BronchoscopyVideo_1_20260106T094137_openCV_3.mhd; 1767688934306;-1;-1;-1;-1;-1;-1;-1
BronchoscopyVideo_1_20260106T094137_openCV_4.mhd; 1767688934406;-1;-1;-1;-1;-1;-1;-1
BronchoscopyVideo_1_20260106T094137_openCV_5.mhd; 1767688934506;-1;-1;-1;-1;-1;-1;-1
BronchoscopyVideo_1_20260106T094137_openCV_6.mhd; 1767688934606;-1;-1;-1;-1;-1;-1;-1
BronchoscopyVideo_1_20260106T094137_openCV_7.mhd; 1767688934706;-1;-1;-1;-1;-1;-1;-1
BronchoscopyVideo_1_20260106T094137_openCV_8.mhd; 1767688934806;-1;-1;-1;-1;-1;-1;-1
BronchoscopyVideo_1_20260106T094137_openCV_9.mhd; 1767688934906;-1;-1;-1;-1;-1;-1;-1
BronchoscopyVideo_1_20260106T094137_openCV_10.mhd; 1767688935006;-1;-1;-1;-1;-1;-1;-1
BronchoscopyVideo_1_20260106T094137_openCV_11.mhd; 1767688935106;-1;-1;-1;-1;-1;-1;-1
BronchoscopyVideo_1_20260106T094137_openCV_12.mhd; 1767688935206;-1;-1;-1;-1;-1;-1;-1
BronchoscopyVideo_1_20260106T094137_openCV_13.mhd; 1767688935306;-1;-1;-1;-1;-1;-1;-1
BronchoscopyVideo_1_20260106T094137_openCV_14.mhd; 1767688935406;-1;-1;-1;-1;-1;-1;-1
BronchoscopyVideo_1_20260106T094137_openCV_15.mhd; 1767688935506;-1;-1;-1;-1;-1;-1;-1
BronchoscopyVideo_1_20260106T094137_openCV_16.mhd; 1767688935606;-1;-1;-1;-1;-1;-1;-1
BronchoscopyVideo_1_20260106T094137_openCV_17.mhd; 1767688935706;-1;-1;-1;-1;-1;-1;-1
BronchoscopyVideo_1_20260106T094137_openCV_18.mhd; 1767688935806;-1;-1;-1;-1;-1;-1;-1
BronchoscopyVideo_1_20260106T094137_openCV_19.mhd; 1767688935906;-1;-1;-1;-1;-1;-1;-1
BronchoscopyVideo_1_20260106T094137_openCV_20.mhd; 1767688936006;-1;-1;-1;-1;-1;-1;-1
BronchoscopyVideo_1_20260106T094137_openCV_21.mhd; 1767688936106;-1;-1;-1;-1;-1;-1;-1
BronchoscopyVideo_1_20260106T094137_openCV_22.mhd; 1767688936206;-1;-1;-1;-1;-1;-1;-1
BronchoscopyVideo_1_20260106T094137_openCV_23.mhd; 1767688936307;-1;-1;-1;-1;-1;-1;-1
BronchoscopyVideo_1_20260106T094137_openCV_24.mhd; 1767688936406;-1;-1;-1;-1;-1;-1;-1
BronchoscopyVideo_1_20260106T094137_openCV_25.mhd; 1767688936506;-1;-1;-1;-1;-1;-1;-1
BronchoscopyVideo_1_20260106T094137_openCV_26.mhd; 1767688936607;-1;-1;-1;-1;-1;-1;-1
BronchoscopyVideo_1_20260106T094137_openCV_27.mhd; 1767688936706;-1;-1;-1;-1;-1;-1;-1
BronchoscopyVideo_1_20260106T094137_openCV_28.mhd; 1767688936806;-1;-1;-1;-1;-1;-1;-1
BronchoscopyVideo_1_20260106T094137_openCV_29.mhd; 1767688936906;-1;-1;-1;-1;-1;-1;-1
BronchoscopyVideo_1_20260106T094137_openCV_30.mhd; 1767688937006;-1;-1;-1;-1;-1;-1;-1
BronchoscopyVideo_1_20260106T094137_openCV_31.mhd; 1767688937106;-1;-1;-1;-1;-1;-1;-1
BronchoscopyVideo_1_20260106T094137_openCV_32.mhd; 1767688937206;-1;-1;-1;-1;-1;-1;-1
BronchoscopyVideo_1_20260106T094137_openCV_33.mhd; 1767688937306;-1;-1;-1;-1;-1;-1;-1
BronchoscopyVideo_1_20260106T094137_openCV_34.mhd; 1767688937406;-1;-1;-1;-1;-1;-1;-1
BronchoscopyVideo_1_20260106T094137_openCV_35.mhd; 1767688937506;-1;-1;-1;-1;-1;-1;-1
BronchoscopyVideo_1_20260106T094137_openCV_36.mhd; 1767688937606;-1;-1;-1;-1;-1;-1;-1
BronchoscopyVideo_1_20260106T094137_openCV_37.mhd; 1767688937706;-1;-1;-1;-1;-1;-1;-1
BronchoscopyVideo_1_20260106T094137_openCV_38.mhd; 1767688937806;-1;-1;-1;-1;-1;-1;-1
BronchoscopyVideo_1_20260106T094137_openCV_39.mhd; 1767688937906;-1;-1;-1;-1;-1;-1;-1
BronchoscopyVideo_1_20260106T094137_openCV_40.mhd; 1767688938006;-1;-1;-1;-1;-1;-1;-1
BronchoscopyVideo_1_20260106T094137_openCV_41.mhd; 1767688938106;-1;-1;-1;-1;-1;-1;-1
BronchoscopyVideo_1_20260106T094137_openCV_42.mhd; 1767688938206;-1;-1;-1;-1;-1;-1;-1
BronchoscopyVideo_1_20260106T094137_openCV_43.mhd; 1767688938306;-1;-1;-1;-1;-1;-1;-1
BronchoscopyVideo_1_20260106T094137_openCV_44.mhd; 1767688938406;-1;-1;-1;-1;-1;-1;-1
BronchoscopyVideo_1_20260106T094137_openCV_45.mhd; 1767688938506;-1;-1;-1;-1;-1;-1;-1
BronchoscopyVideo_1_20260106T094137_openCV_46.mhd; 1767688938606;-1;-1;-1;-1;-1;-1;-1
BronchoscopyVideo_1_20260106T094137_openCV_47.mhd; 1767688938706;-1;-1;-1;-1;-1;-1;-1
BronchoscopyVideo_1_20260106T094137_openCV_48.mhd; 1767688938806;-1;-1;-1;-1;-1;-1;-1
BronchoscopyVideo_1_20260106T094137_openCV_49.mhd; 1767688938906;-1;-1;-1;-1;-1;-1;-1
BronchoscopyVideo_1_20260106T094137_openCV_50.mhd; 1767688939006;-1;-1;-1;-1;-1;-1;-1
BronchoscopyVideo_1_20260106T094137_openCV_51.mhd; 1767688939106;-1;-1;-1;-1;-1;-1;-1
BronchoscopyVideo_1_20260106T094137_openCV_52.mhd; 1767688939206;-1;-1;-1;-1;-1;-1;-1
BronchoscopyVideo_1_20260106T094137_openCV_53.mhd; 1767688939306;-1;-1;-1;-1;-1;-1;-1
BronchoscopyVideo_1_20260106T094137_openCV_54.mhd; 1767688939406;-1;-1;-1;-1;-1;-1;-1
BronchoscopyVideo_1_20260106T094137_openCV_55.mhd; 1767688939506;-1;-1;-1;-1;-1;-1;-1
BronchoscopyVideo_1_20260106T094137_openCV_56.mhd; 1767688939606;-1;-1;-1;-1;-1;-1;-1
BronchoscopyVideo_1_20260106T094137_openCV_57.mhd; 1767688939706;-1;-1;-1;-1;-1;-1;-1
BronchoscopyVideo_1_20260106T094137_openCV_58.mhd; 1767688939806;-1;-1;-1;-1;-1;-1;-1
BronchoscopyVideo_1_20260106T094137_openCV_59.mhd; 1767688939906;-1;-1;-1;-1;-1;-1;-1
BronchoscopyVideo_1_20260106T094137_openCV_60.mhd; 1767688940006;-1;-1;-1;-1;-1;-1;-1
BronchoscopyVideo_1_20260106T094137_openCV_61.mhd; 1767688940106;-1;-1;-1;-1;-1;-1;-1
BronchoscopyVideo_1_20260106T094137_openCV_62.mhd; 1767688940207;-1;-1;-1;-1;-1;-1;-1
BronchoscopyVideo_1_20260106T094137_openCV_63.mhd; 1767688940306;-1;-1;-1;-1;-1;-1;-1
BronchoscopyVideo_1_20260106T094137_openCV_64.mhd; 1767688940406; 1767688940417; 0; 7; 144; 1; 1; 3.8
BronchoscopyVideo_1_20260106T094137_openCV_65.mhd; 1767688940506; 1767688940517; 0; 8; 144; 1; 1; 3.5
BronchoscopyVideo_1_20260106T094137_openCV_66.mhd; 1767688940606; 1767688940617; 0; 9; 144; 1; 1; 2.9
BronchoscopyVideo_1_20260106T094137_openCV_67.mhd; 1767688940707; 1767688940717; 0; 9; 144; 1; 1; 2.4
BronchoscopyVideo_1_20260106T094137_openCV_68.mhd; 1767688940806; 1767688940817; 0; 11; 144; 1; 1; 2.2
BronchoscopyVideo_1_20260106T094137_openCV_69.mhd; 1767688940906; 1767688940917; 0; 24; 144; 1; 1; 1.2
BronchoscopyVideo_1_20260106T094137_openCV_70.mhd; 1767688941006; 1767688941017; 0; 32; 144; 1; 1; 2
BronchoscopyVideo_1_20260106T094137_openCV_71.mhd; 1767688941106; 1767688941117; 0; 35; 144; 1; 1; 2.5
BronchoscopyVideo_1_20260106T094137_openCV_72.mhd; 1767688941206; 1767688941217; 0; 37; 144; 1; 1; 2.8
BronchoscopyVideo_1_20260106T094137_openCV_73.mhd; 1767688941306; 1767688941317; 0; 41; 144; 1; 1; 1.9
BronchoscopyVideo_1_20260106T094137_openCV_74.mhd; 1767688941406; 1767688941417; 0; 45; 144; 1; 1; 1.2
BronchoscopyVideo_1_20260106T094137_openCV_75.mhd; 1767688941506; 1767688941517; 0; 49; 144; 1; 1; 2.1
BronchoscopyVideo_1_20260106T094137_openCV_76.mhd; 1767688941606; 1767688941592; 0; 51; 144; 1; 1; 7.2
BronchoscopyVideo_1_20260106T094137_openCV_77.mhd; 1767688941706; 1767688941717; 0; 61; 144; 1; 1; 2.2
BronchoscopyVideo_1_20260106T094137_openCV_78.mhd; 1767688941806; 1767688941816; 0; 69; 144; 1; 1; 1.9
BronchoscopyVideo_1_20260106T094137_openCV_79.mhd; 1767688941906; 1767688941916; 0; 74; 144; 1; 1; 2.2
BronchoscopyVideo_1_20260106T094137_openCV_80.mhd; 1767688942006; 1767688942015; 0; 77; 144; 1; 1; 2.8
BronchoscopyVideo_1_20260106T094137_openCV_81.mhd; 1767688942106; 1767688942115; 0; 81; 144; 1; 1; 3.2
BronchoscopyVideo_1_20260106T094137_openCV_82.mhd; 1767688942206; 1767688942215; 0; 82; 144; 1; 1; 3.4
BronchoscopyVideo_1_20260106T094137_openCV_83.mhd; 1767688942306; 1767688942315; 0; 82; 144; 1; 1; 3.4
BronchoscopyVideo_1_20260106T094137_openCV_84.mhd; 1767688942406; 1767688942415; 0; 88; 144; 1; 1; 3.6
BronchoscopyVideo_1_20260106T094137_openCV_85.mhd; 1767688942506; 1767688942515; 0; 96; 144; 1; 1; 4
BronchoscopyVideo_1_20260106T094137_openCV_86.mhd; 1767688942607; 1767688942615; 0; 99; 144; 1; 1; 3.8
BronchoscopyVideo_1_20260106T094137_openCV_87.mhd; 1767688942706; 1767688942715; 0; 101; 144; 1; 1; 4.3
BronchoscopyVideo_1_20260106T094137_openCV_88.mhd; 1767688942806; 1767688942815; 0; 103; 144; 1; 1; 4.1
BronchoscopyVideo_1_20260106T094137_openCV_89.mhd; 1767688942906; 1767688942915; 0; 107; 144; 1; 1; 4.7
BronchoscopyVideo_1_20260106T094137_openCV_90.mhd; 1767688943006; 1767688943015; 0; 112; 144; 1; 1; 4.5
BronchoscopyVideo_1_20260106T094137_openCV_91.mhd; 1767688943106; 1767688943115; 0; 115; 144; 1; 1; 4.6
BronchoscopyVideo_1_20260106T094137_openCV_92.mhd; 1767688943206; 1767688943215; 0; 115; 144; 1; 1; 4.6
BronchoscopyVideo_1_20260106T094137_openCV_93.mhd; 1767688943306; 1767688943315; 0; 119; 144; 1; 1; 4.5
BronchoscopyVideo_1_20260106T094137_openCV_94.mhd; 1767688943406; 1767688943415; 0; 121; 144; 1; 1; 3.4
BronchoscopyVideo_1_20260106T094137_openCV_95.mhd; 1767688943506; 1767688943515; 0; 121; 144; 1; 1; 2.6
BronchoscopyVideo_1_20260106T094137_openCV_96.mhd; 1767688943606; 1767688943615; 0; 122; 144; 1; 1; 3
BronchoscopyVideo_1_20260106T094137_openCV_97.mhd; 1767688943706; 1767688943714; 0; 126; 144; 1; 1; 4.2
BronchoscopyVideo_1_20260106T094137_openCV_98.mhd; 1767688943806; 1767688943814; 0; 128; 144; 1; 1; 4.4
BronchoscopyVideo_1_20260106T094137_openCV_99.mhd; 1767688943906; 1767688943914; 0; 131; 144; 1; 1; 4.3
BronchoscopyVideo_1_20260106T094137_openCV_100.mhd; 1767688944006; 1767688944014; 0; 130; 144; 1; 1; 4.2
BronchoscopyVideo_1_20260106T094137_openCV_101.mhd; 1767688944106; 1767688944114; 0; 131; 144; 1; 1; 4
BronchoscopyVideo_1_20260106T094137_openCV_102.mhd; 1767688944206; 1767688944214; 0; 136; 144; 1; 1; 4
BronchoscopyVideo_1_20260106T094137_openCV_103.mhd; 1767688944306; 1767688944314; 0; 139; 144; 1; 1; 4.2
BronchoscopyVideo_1_20260106T094137_openCV_104.mhd; 1767688944406; 1767688944414; 7; 5; 112; 2; 1,1; 4.6
BronchoscopyVideo_1_20260106T094137_openCV_105.mhd; 1767688944506; 1767688944514; 7; 8; 112; 2; 1,1; 4.6
BronchoscopyVideo_1_20260106T094137_openCV_106.mhd; 1767688944606; 1767688944613; 7; 8; 112; 2; 1,1; 4.4
BronchoscopyVideo_1_20260106T094137_openCV_107.mhd; 1767688944706; 1767688944713; 7; 8; 112; 2; 1,1; 4
BronchoscopyVideo_1_20260106T094137_openCV_108.mhd; 1767688944806; 1767688944813; 7; 8; 112; 2; 1,1; 3.7
BronchoscopyVideo_1_20260106T094137_openCV_109.mhd; 1767688944906; 1767688944913; 7; 9; 112; 2; 1,1; 3.5
BronchoscopyVideo_1_20260106T094137_openCV_110.mhd; 1767688945006; 1767688945013; 7; 8; 112; 2; 1,1; 3.5
BronchoscopyVideo_1_20260106T094137_openCV_111.mhd; 1767688945107; 1767688945113; 7; 8; 112; 2; 1,1; 3.1
BronchoscopyVideo_1_20260106T094137_openCV_112.mhd; 1767688945206; 1767688945213; 7; 9; 112; 2; 1,1; 3.1
BronchoscopyVideo_1_20260106T094137_openCV_113.mhd; 1767688945306; 1767688945313; 7; 10; 112; 2; 1,1; 3.5
BronchoscopyVideo_1_20260106T094137_openCV_114.mhd; 1767688945407; 1767688945413; 7; 9; 112; 2; 1,1; 3.2
BronchoscopyVideo_1_20260106T094137_openCV_115.mhd; 1767688945506; 1767688945512; 7; 9; 112; 2; 1,1; 2.8
BronchoscopyVideo_1_20260106T094137_openCV_116.mhd; 1767688945606; 1767688945612; 8; 11; 62; 2; 1,2; 1.7
BronchoscopyVideo_1_20260106T094137_openCV_117.mhd; 1767688945706; 1767688945713; 8; 12; 62; 2; 1,2; 1.3
BronchoscopyVideo_1_20260106T094137_openCV_118.mhd; 1767688945806; 1767688945812; 8; 13; 62; 2; 1,2; 1.4
BronchoscopyVideo_1_20260106T094137_openCV_119.mhd; 1767688945906; 1767688945912; 8; 16; 62; 2; 1,2; 1.1
BronchoscopyVideo_1_20260106T094137_openCV_120.mhd; 1767688946006; 1767688946012; 8; 20; 62; 2; 1,2; 1.2
BronchoscopyVideo_1_20260106T094137_openCV_121.mhd; 1767688946106; 1767688946112; 8; 23; 62; 2; 1,2; 1.5
BronchoscopyVideo_1_20260106T094137_openCV_122.mhd; 1767688946207; 1767688946212; 8; 26; 62; 2; 1,2; 2.4
BronchoscopyVideo_1_20260106T094137_openCV_123.mhd; 1767688946306; 1767688946312; 8; 28; 62; 2; 1,2; 1.6
BronchoscopyVideo_1_20260106T094137_openCV_124.mhd; 1767688946406; 1767688946412; 8; 28; 62; 2; 1,2; 0.7
BronchoscopyVideo_1_20260106T094137_openCV_125.mhd; 1767688946506; 1767688946512; 8; 29; 62; 2; 1,2; 1.7
BronchoscopyVideo_1_20260106T094137_openCV_126.mhd; 1767688946606; 1767688946612; 8; 29; 62; 2; 1,2; 2.1
BronchoscopyVideo_1_20260106T094137_openCV_127.mhd; 1767688946706; 1767688946712; 8; 30; 62; 2; 1,2; 2.1
BronchoscopyVideo_1_20260106T094137_openCV_128.mhd; 1767688946806; 1767688946812; 8; 30; 62; 2; 1,2; 2.3
BronchoscopyVideo_2_20260106T094213_openCV_129.mhd; 1767688946906; 1767688946912; 8; 31; 62; 2; 1,2; 2.6
BronchoscopyVideo_2_20260106T094213_openCV_130.mhd; 1767688947006; 1767688947012; 8; 32; 62; 2; 1,2; 2.2
BronchoscopyVideo_2_20260106T094213_openCV_131.mhd; 1767688947107; 1767688947112; 8; 32; 62; 2; 1,2; 2.1
BronchoscopyVideo_2_20260106T094213_openCV_132.mhd; 1767688947206; 1767688947212; 8; 32; 62; 2; 1,2; 3.1
BronchoscopyVideo_2_20260106T094213_openCV_133.mhd; 1767688947306; 1767688947312; 8; 33; 62; 2; 1,2; 4.6
BronchoscopyVideo_2_20260106T094213_openCV_134.mhd; 1767688947406; 1767688947412; 8; 35; 62; 2; 1,2; 5.3
BronchoscopyVideo_2_20260106T094213_openCV_135.mhd; 1767688947506; 1767688947512; 8; 36; 62; 2; 1,2; 5.4
BronchoscopyVideo_2_20260106T094213_openCV_136.mhd; 1767688947606; 1767688947611; 8; 37; 62; 2; 1,2; 5.9
BronchoscopyVideo_2_20260106T094213_openCV_137.mhd; 1767688947706; 1767688947711; 8; 39; 62; 2; 1,2; 5.7
BronchoscopyVideo_2_20260106T094213_openCV_138.mhd; 1767688947806; 1767688947811; 8; 38; 62; 2; 1,2; 5.3
BronchoscopyVideo_2_20260106T094213_openCV_139.mhd; 1767688947906; 1767688947911; 8; 39; 62; 2; 1,2; 4.8
BronchoscopyVideo_2_20260106T094213_openCV_140.mhd; 1767688948006; 1767688948011; 8; 40; 62; 2; 1,2; 5.2
BronchoscopyVideo_2_20260106T094213_openCV_141.mhd; 1767688948106; 1767688948110; 8; 40; 62; 2; 1,2; 6.1
BronchoscopyVideo_2_20260106T094213_openCV_142.mhd; 1767688948206; 1767688948210; 8; 43; 62; 2; 1,2; 6.9
BronchoscopyVideo_2_20260106T094213_openCV_143.mhd; 1767688948306; 1767688948310; 8; 44; 62; 2; 1,2; 7.3
BronchoscopyVideo_2_20260106T094213_openCV_144.mhd; 1767688948406; 1767688948410; 8; 45; 62; 2; 1,2; 7.2
BronchoscopyVideo_2_20260106T094213_openCV_145.mhd; 1767688948506; 1767688948510; 8; 46; 62; 2; 1,2; 7.6
BronchoscopyVideo_2_20260106T094213_openCV_146.mhd; 1767688948607; 1767688948610; 8; 45; 62; 2; 1,2; 7.3
BronchoscopyVideo_2_20260106T094213_openCV_147.mhd; 1767688948706; 1767688948710; 8; 42; 62; 2; 1,2; 6.8
BronchoscopyVideo_2_20260106T094213_openCV_148.mhd; 1767688948806; 1767688948810; 8; 41; 62; 2; 1,2; 6.8
BronchoscopyVideo_2_20260106T094213_openCV_149.mhd; 1767688948906; 1767688948910; 8; 42; 62; 2; 1,2; 7.4
BronchoscopyVideo_2_20260106T094213_openCV_150.mhd; 1767688949006; 1767688949010; 8; 43; 62; 2; 1,2; 8.7
BronchoscopyVideo_2_20260106T094213_openCV_151.mhd; 1767688949106; 1767688949110; 8; 43; 62; 2; 1,2; 8.9
BronchoscopyVideo_2_20260106T094213_openCV_152.mhd; 1767688949206; 1767688949210; 8; 44; 62; 2; 1,2; 8.6
BronchoscopyVideo_2_20260106T094213_openCV_153.mhd; 1767688949306; 1767688949310; 8; 43; 62; 2; 1,2; 8.7
BronchoscopyVideo_2_20260106T094213_openCV_154.mhd; 1767688949406; 1767688949410; 8; 45; 62; 2; 1,2; 9.7
BronchoscopyVideo_2_20260106T094213_openCV_155.mhd; 1767688949506; 1767688949510; 8; 45; 62; 2; 1,2; 10.1
BronchoscopyVideo_2_20260106T094213_openCV_156.mhd; 1767688949606; 1767688949610; 8; 45; 62; 2; 1,2; 9.8
BronchoscopyVideo_2_20260106T094213_openCV_157.mhd; 1767688949707; 1767688949710; 20; 11; 18; 4; 1,2,1,1; 11.5
BronchoscopyVideo_2_20260106T094213_openCV_158.mhd; 1767688949806; 1767688949810; 20; 14; 18; 4; 1,2,1,1; 8.4
BronchoscopyVideo_2_20260106T094213_openCV_159.mhd; 1767688949906; 1767688949910; 41; 4; 17; 5; 1,2,1,1,1; 7.7
BronchoscopyVideo_2_20260106T094213_openCV_160.mhd; 1767688950006; 1767688950010; 41; 5; 17; 5; 1,2,1,1,1; 8.2
BronchoscopyVideo_2_20260106T094213_openCV_161.mhd; 1767688950106; 1767688950109; 41; 5; 17; 5; 1,2,1,1,1; 8.2
BronchoscopyVideo_2_20260106T094213_openCV_162.mhd; 1767688950206; 1767688950210; 41; 5; 17; 5; 1,2,1,1,1; 8.4
BronchoscopyVideo_2_20260106T094213_openCV_163.mhd; 1767688950306; 1767688950309; 42; 6; 23; 5; 1,2,1,1,2; 9.1
BronchoscopyVideo_2_20260106T094213_openCV_164.mhd; 1767688950406; 1767688950409; 42; 7; 23; 5; 1,2,1,1,2; 9.6
BronchoscopyVideo_2_20260106T094213_openCV_165.mhd; 1767688950506; 1767688950508; 42; 7; 23; 5; 1,2,1,1,2; 10.3
BronchoscopyVideo_2_20260106T094213_openCV_166.mhd; 1767688950606; 1767688950608; 42; 6; 23; 5; 1,2,1,1,2; 9.8
BronchoscopyVideo_2_20260106T094213_openCV_167.mhd; 1767688950706; 1767688950708; 42; 5; 23; 5; 1,2,1,1,2; 9.4
BronchoscopyVideo_2_20260106T094213_openCV_168.mhd; 1767688950806; 1767688950808; 42; 4; 23; 5; 1,2,1,1,2; 8.7
BronchoscopyVideo_2_20260106T094213_openCV_169.mhd; 1767688950906; 1767688950908; 42; 4; 23; 5; 1,2,1,1,2; 8.6
BronchoscopyVideo_2_20260106T094213_openCV_170.mhd; 1767688951006; 1767688951008; 20; 15; 18; 4; 1,2,1,1; 8
BronchoscopyVideo_2_20260106T094213_openCV_171.mhd; 1767688951106; 1767688951108; 20; 14; 18; 4; 1,2,1,1; 7.8
BronchoscopyVideo_2_20260106T094213_openCV_172.mhd; 1767688951206; 1767688951208; 20; 14; 18; 4; 1,2,1,1; 8.6
BronchoscopyVideo_2_20260106T094213_openCV_173.mhd; 1767688951306; 1767688951308; 20; 14; 18; 4; 1,2,1,1; 8.5
BronchoscopyVideo_2_20260106T094213_openCV_174.mhd; 1767688951406; 1767688951408; 20; 14; 18; 4; 1,2,1,1; 9.3
BronchoscopyVideo_2_20260106T094213_openCV_175.mhd; 1767688951506; 1767688951508; 20; 14; 18; 4; 1,2,1,1; 9
BronchoscopyVideo_2_20260106T094213_openCV_176.mhd; 1767688951606; 1767688951608; 20; 12; 18; 4; 1,2,1,1; 10
BronchoscopyVideo_2_20260106T094213_openCV_177.mhd; 1767688951706; 1767688951708; 20; 9; 18; 4; 1,2,1,1; 13.1
BronchoscopyVideo_2_20260106T094213_openCV_178.mhd; 1767688951807; 1767688951808; 8; 41; 62; 2; 1,2; 8.9
BronchoscopyVideo_2_20260106T094213_openCV_179.mhd; 1767688951906; 1767688951908; 8; 41; 62; 2; 1,2; 8.6
BronchoscopyVideo_2_20260106T094213_openCV_180.mhd; 1767688952006; 1767688952008; 8; 41; 62; 2; 1,2; 8.4
BronchoscopyVideo_2_20260106T094213_openCV_181.mhd; 1767688952106; 1767688952108; 8; 41; 62; 2; 1,2; 8.5
BronchoscopyVideo_2_20260106T094213_openCV_182.mhd; 1767688952206; 1767688952208; 8; 40; 62; 2; 1,2; 8.7
BronchoscopyVideo_2_20260106T094213_openCV_183.mhd; 1767688952306; 1767688952308; 8; 41; 62; 2; 1,2; 10.4
BronchoscopyVideo_2_20260106T094213_openCV_184.mhd; 1767688952406; 1767688952408; 8; 41; 62; 2; 1,2; 13.4
BronchoscopyVideo_2_20260106T094213_openCV_185.mhd; 1767688952506; 1767688952507; 8; 43; 62; 2; 1,2; 13.8
BronchoscopyVideo_2_20260106T094213_openCV_186.mhd; 1767688952606; 1767688952608; 20; 11; 18; 4; 1,2,1,1; 14
BronchoscopyVideo_2_20260106T094213_openCV_187.mhd; 1767688952706; 1767688952707; 8; 44; 62; 2; 1,2; 13.8
BronchoscopyVideo_2_20260106T094213_openCV_188.mhd; 1767688952806; 1767688952807; 8; 43; 62; 2; 1,2; 14.1
BronchoscopyVideo_2_20260106T094213_openCV_189.mhd; 1767688952906; 1767688952907; 8; 43; 62; 2; 1,2; 13.4
BronchoscopyVideo_2_20260106T094213_openCV_190.mhd; 1767688953006; 1767688953007; 8; 42; 62; 2; 1,2; 13.1
BronchoscopyVideo_2_20260106T094213_openCV_191.mhd; 1767688953106; 1767688953107; 8; 42; 62; 2; 1,2; 12.8
BronchoscopyVideo_2_20260106T094213_openCV_192.mhd; 1767688953206; 1767688953207; 8; 39; 62; 2; 1,2; 13.1
BronchoscopyVideo_2_20260106T094213_openCV_193.mhd; 1767688953306; 1767688953307; 8; 40; 62; 2; 1,2; 13.6
BronchoscopyVideo_2_20260106T094213_openCV_194.mhd; 1767688953406; 1767688953406; 8; 43; 62; 2; 1,2; 13.7
BronchoscopyVideo_2_20260106T094213_openCV_195.mhd; 1767688953506; 1767688953506; 8; 44; 62; 2; 1,2; 13.5
BronchoscopyVideo_2_20260106T094213_openCV_196.mhd; 1767688953606; 1767688953606; 8; 43; 62; 2; 1,2; 12.7
BronchoscopyVideo_2_20260106T094213_openCV_197.mhd; 1767688953706; 1767688953706; 8; 43; 62; 2; 1,2; 13
BronchoscopyVideo_2_20260106T094213_openCV_198.mhd; 1767688953806; 1767688953806; 8; 44; 62; 2; 1,2; 12.8
BronchoscopyVideo_2_20260106T094213_openCV_199.mhd; 1767688953906; 1767688953906; 41; 7; 17; 5; 1,2,1,1,1; 13.3
BronchoscopyVideo_2_20260106T094213_openCV_200.mhd; 1767688954006; 1767688954006; 20; 12; 18; 4; 1,2,1,1; 13.2
BronchoscopyVideo_2_20260106T094213_openCV_201.mhd; 1767688954106; 1767688954107; 41; 8; 17; 5; 1,2,1,1,1; 12.9
BronchoscopyVideo_2_20260106T094213_openCV_202.mhd; 1767688954206; 1767688954206; 41; 10; 17; 5; 1,2,1,1,1; 12.3
BronchoscopyVideo_2_20260106T094213_openCV_203.mhd; 1767688954306; 1767688954306; 41; 9; 17; 5; 1,2,1,1,1; 13
BronchoscopyVideo_2_20260106T094213_openCV_204.mhd; 1767688954406; 1767688954406; 8; 45; 62; 2; 1,2; 8.1
BronchoscopyVideo_2_20260106T094213_openCV_205.mhd; 1767688954506; 1767688954506; 8; 45; 62; 2; 1,2; 6.2
BronchoscopyVideo_2_20260106T094213_openCV_206.mhd; 1767688954606; 1767688954605; 8; 43; 62; 2; 1,2; 5.8
BronchoscopyVideo_2_20260106T094213_openCV_207.mhd; 1767688954706; 1767688954705; 8; 42; 62; 2; 1,2; 5.4
BronchoscopyVideo_2_20260106T094213_openCV_208.mhd; 1767688954806; 1767688954805; 8; 44; 62; 2; 1,2; 5.1
BronchoscopyVideo_2_20260106T094213_openCV_209.mhd; 1767688954906; 1767688954905; 8; 50; 62; 2; 1,2; 6.1
BronchoscopyVideo_2_20260106T094213_openCV_210.mhd; 1767688955006; 1767688955005; 8; 52; 62; 2; 1,2; 6.7
BronchoscopyVideo_2_20260106T094213_openCV_211.mhd; 1767688955106; 1767688955105; 8; 53; 62; 2; 1,2; 7.8
BronchoscopyVideo_2_20260106T094213_openCV_212.mhd; 1767688955206; 1767688955205; 8; 53; 62; 2; 1,2; 8
BronchoscopyVideo_2_20260106T094213_openCV_213.mhd; 1767688955306; 1767688955305; 8; 54; 62; 2; 1,2; 8.1
BronchoscopyVideo_2_20260106T094213_openCV_214.mhd; 1767688955406; 1767688955405; 5; 9; 15; 3; 1,2,1; 6.9
BronchoscopyVideo_2_20260106T094213_openCV_215.mhd; 1767688955506; 1767688955505; 5; 10; 15; 3; 1,2,1; 5.4
BronchoscopyVideo_2_20260106T094213_openCV_216.mhd; 1767688955606; 1767688955605; 5; 11; 15; 3; 1,2,1; 4.9
BronchoscopyVideo_2_20260106T094213_openCV_217.mhd; 1767688955706; 1767688955705; 5; 11; 15; 3; 1,2,1; 4.6
BronchoscopyVideo_2_20260106T094213_openCV_218.mhd; 1767688955806; 1767688955805; 5; 12; 15; 3; 1,2,1; 4.3
BronchoscopyVideo_2_20260106T094213_openCV_219.mhd; 1767688955906; 1767688955905; 20; 2; 18; 4; 1,2,1,1; 3.5
BronchoscopyVideo_2_20260106T094213_openCV_220.mhd; 1767688956006; 1767688956005; 20; 3; 18; 4; 1,2,1,1; 2.1
BronchoscopyVideo_2_20260106T094213_openCV_221.mhd; 1767688956106; 1767688956105; 20; 4; 18; 4; 1,2,1,1; 2.6
BronchoscopyVideo_2_20260106T094213_openCV_222.mhd; 1767688956206; 1767688956205; 20; 4; 18; 4; 1,2,1,1; 2.5
BronchoscopyVideo_2_20260106T094213_openCV_223.mhd; 1767688956340; 1767688956330; 20; 4; 18; 4; 1,2,1,1; 1.8
BronchoscopyVideo_2_20260106T094213_openCV_224.mhd; 1767688956440; 1767688956429; 20; 3; 18; 4; 1,2,1,1; 1.3
BronchoscopyVideo_2_20260106T094213_openCV_225.mhd; 1767688956540; 1767688956528; 20; 4; 18; 4; 1,2,1,1; 1.4
BronchoscopyVideo_2_20260106T094213_openCV_226.mhd; 1767688956640; 1767688956628; 20; 3; 18; 4; 1,2,1,1; 1.5
BronchoscopyVideo_2_20260106T094213_openCV_227.mhd; 1767688956740; 1767688956728; 20; 2; 18; 4; 1,2,1,1; 1.4
BronchoscopyVideo_2_20260106T094213_openCV_228.mhd; 1767688956840; 1767688956829; 20; 2; 18; 4; 1,2,1,1; 1.1
BronchoscopyVideo_2_20260106T094213_openCV_229.mhd; 1767688956940; 1767688956928; 19; 1; 16; 4; 1,2,1,2; 1.3
BronchoscopyVideo_2_20260106T094213_openCV_230.mhd; 1767688957040; 1767688957028; 19; 1; 16; 4; 1,2,1,2; 1.5
BronchoscopyVideo_2_20260106T094213_openCV_231.mhd; 1767688957140; 1767688957128; 19; 1; 16; 4; 1,2,1,2; 1.6
BronchoscopyVideo_2_20260106T094213_openCV_232.mhd; 1767688957240; 1767688957228; 19; 1; 16; 4; 1,2,1,2; 1.6
BronchoscopyVideo_2_20260106T094213_openCV_233.mhd; 1767688957340; 1767688957328; 20; 2; 18; 4; 1,2,1,1; 1.4
BronchoscopyVideo_2_20260106T094213_openCV_234.mhd; 1767688957440; 1767688957428; 20; 4; 18; 4; 1,2,1,1; 2.5
BronchoscopyVideo_2_20260106T094213_openCV_235.mhd; 1767688957540; 1767688957528; 20; 3; 18; 4; 1,2,1,1; 4
BronchoscopyVideo_2_20260106T094213_openCV_236.mhd; 1767688957640; 1767688957628; 5; 12; 15; 3; 1,2,1; 5.1
BronchoscopyVideo_2_20260106T094213_openCV_237.mhd; 1767688957740; 1767688957728; 5; 10; 15; 3; 1,2,1; 7.2
BronchoscopyVideo_2_20260106T094213_openCV_238.mhd; 1767688957840; 1767688957828; 5; 9; 15; 3; 1,2,1; 8.1
BronchoscopyVideo_2_20260106T094213_openCV_239.mhd; 1767688957940; 1767688957928; 8; 54; 62; 2; 1,2; 8.1
BronchoscopyVideo_2_20260106T094213_openCV_240.mhd; 1767688958040; 1767688958028; 8; 55; 62; 2; 1,2; 7.7
BronchoscopyVideo_2_20260106T094213_openCV_241.mhd; 1767688958140; 1767688958128; 8; 55; 62; 2; 1,2; 7.7
BronchoscopyVideo_2_20260106T094213_openCV_242.mhd; 1767688958240; 1767688958228; 8; 55; 62; 2; 1,2; 7.3
BronchoscopyVideo_2_20260106T094213_openCV_243.mhd; 1767688958340; 1767688958328; 8; 55; 62; 2; 1,2; 7.2
BronchoscopyVideo_2_20260106T094213_openCV_244.mhd; 1767688958440; 1767688958428; 8; 54; 62; 2; 1,2; 7.1
BronchoscopyVideo_2_20260106T094213_openCV_245.mhd; 1767688958540; 1767688958552; 5; 7; 15; 3; 1,2,1; 7.8
BronchoscopyVideo_2_20260106T094213_openCV_246.mhd; 1767688958640; 1767688958652; 5; 10; 15; 3; 1,2,1; 7.2
BronchoscopyVideo_2_20260106T094213_openCV_247.mhd; 1767688958740; 1767688958752; 5; 12; 15; 3; 1,2,1; 6.4
BronchoscopyVideo_2_20260106T094213_openCV_248.mhd; 1767688958840; 1767688958852; 5; 13; 15; 3; 1,2,1; 6
BronchoscopyVideo_2_20260106T094213_openCV_249.mhd; 1767688958940; 1767688958952; 5; 13; 15; 3; 1,2,1; 5.9
BronchoscopyVideo_2_20260106T094213_openCV_250.mhd; 1767688959040; 1767688959052; 20; 2; 18; 4; 1,2,1,1; 6.7
BronchoscopyVideo_2_20260106T094213_openCV_251.mhd; 1767688959140; 1767688959152; 5; 13; 15; 3; 1,2,1; 6.6
BronchoscopyVideo_2_20260106T094213_openCV_252.mhd; 1767688959240; 1767688959252; 5; 13; 15; 3; 1,2,1; 6.5
BronchoscopyVideo_2_20260106T094213_openCV_253.mhd; 1767688959340; 1767688959351; 20; 2; 18; 4; 1,2,1,1; 6
BronchoscopyVideo_2_20260106T094213_openCV_254.mhd; 1767688959440; 1767688959452; 20; 2; 18; 4; 1,2,1,1; 5.8
BronchoscopyVideo_2_20260106T094213_openCV_255.mhd; 1767688959540; 1767688959551; 20; 3; 18; 4; 1,2,1,1; 5.9
BronchoscopyVideo_2_20260106T094213_openCV_256.mhd; 1767688959640; 1767688959651; 20; 3; 18; 4; 1,2,1,1; 6.3
BronchoscopyVideo_2_20260106T094213_openCV_257.mhd; 1767688959740; 1767688959751; 19; 2; 16; 4; 1,2,1,2; 6.9
BronchoscopyVideo_2_20260106T094213_openCV_258.mhd; 1767688959840; 1767688959851; 19; 2; 16; 4; 1,2,1,2; 6.6
BronchoscopyVideo_2_20260106T094213_openCV_259.mhd; 1767688959940; 1767688959951; 19; 6; 16; 4; 1,2,1,2; 7
BronchoscopyVideo_2_20260106T094213_openCV_260.mhd; 1767688960040; 1767688960051; 19; 6; 16; 4; 1,2,1,2; 6.7
BronchoscopyVideo_2_20260106T094213_openCV_261.mhd; 1767688960140; 1767688960151; 19; 5; 16; 4; 1,2,1,2; 6.2
BronchoscopyVideo_2_20260106T094213_openCV_262.mhd; 1767688960240; 1767688960251; 19; 5; 16; 4; 1,2,1,2; 6.1
BronchoscopyVideo_2_20260106T094213_openCV_263.mhd; 1767688960340; 1767688960350; 19; 5; 16; 4; 1,2,1,2; 6.1
BronchoscopyVideo_2_20260106T094213_openCV_264.mhd; 1767688960440; 1767688960450; 19; 5; 16; 4; 1,2,1,2; 6.2
BronchoscopyVideo_2_20260106T094213_openCV_265.mhd; 1767688960540; 1767688960550; 19; 6; 16; 4; 1,2,1,2; 6.3
BronchoscopyVideo_2_20260106T094213_openCV_266.mhd; 1767688960640; 1767688960651; 19; 6; 16; 4; 1,2,1,2; 6.6
BronchoscopyVideo_2_20260106T094213_openCV_267.mhd; 1767688960740; 1767688960750; 19; 6; 16; 4; 1,2,1,2; 6.8
BronchoscopyVideo_2_20260106T094213_openCV_268.mhd; 1767688960840; 1767688960850; 19; 6; 16; 4; 1,2,1,2; 7.3
BronchoscopyVideo_2_20260106T094213_openCV_269.mhd; 1767688960940; 1767688960950; 19; 5; 16; 4; 1,2,1,2; 6.9
BronchoscopyVideo_2_20260106T094213_openCV_270.mhd; 1767688961040; 1767688961050; 19; 4; 16; 4; 1,2,1,2; 6.6
BronchoscopyVideo_2_20260106T094213_openCV_271.mhd; 1767688961140; 1767688961150; 20; 6; 18; 4; 1,2,1,1; 6.2
BronchoscopyVideo_2_20260106T094213_openCV_272.mhd; 1767688961240; 1767688961250; 20; 6; 18; 4; 1,2,1,1; 7
BronchoscopyVideo_2_20260106T094213_openCV_273.mhd; 1767688961340; 1767688961350; 19; 7; 16; 4; 1,2,1,2; 5.8
BronchoscopyVideo_2_20260106T094213_openCV_274.mhd; 1767688961440; 1767688961450; 19; 7; 16; 4; 1,2,1,2; 5.5
BronchoscopyVideo_2_20260106T094213_openCV_275.mhd; 1767688961540; 1767688961550; 19; 7; 16; 4; 1,2,1,2; 5.4
BronchoscopyVideo_2_20260106T094213_openCV_276.mhd; 1767688961640; 1767688961650; 19; 6; 16; 4; 1,2,1,2; 5.6
BronchoscopyVideo_2_20260106T094213_openCV_277.mhd; 1767688961740; 1767688961750; 19; 6; 16; 4; 1,2,1,2; 5.9
BronchoscopyVideo_2_20260106T094213_openCV_278.mhd; 1767688961839; 1767688961828; 19; 5; 16; 4; 1,2,1,2; 5.9
BronchoscopyVideo_2_20260106T094213_openCV_279.mhd; 1767688961906; 1767688961900; 19; 5; 16; 4; 1,2,1,2; 6.3
BronchoscopyVideo_2_20260106T094213_openCV_280.mhd; 1767688961939; 1767688961950; 19; 4; 16; 4; 1,2,1,2; 6.3
BronchoscopyVideo_2_20260106T094213_openCV_281.mhd; 1767688962006; 1767688962000; 19; 3; 16; 4; 1,2,1,2; 6.4
BronchoscopyVideo_2_20260106T094213_openCV_282.mhd; 1767688962107; 1767688962100; 19; 3; 16; 4; 1,2,1,2; 6.9
BronchoscopyVideo_2_20260106T094213_openCV_283.mhd; 1767688962206; 1767688962200; 20; 4; 18; 4; 1,2,1,1; 7.6
BronchoscopyVideo_2_20260106T094213_openCV_284.mhd; 1767688962306; 1767688962299; 20; 4; 18; 4; 1,2,1,1; 8
BronchoscopyVideo_2_20260106T094213_openCV_285.mhd; 1767688962406; 1767688962399; 20; 4; 18; 4; 1,2,1,1; 8
BronchoscopyVideo_2_20260106T094213_openCV_286.mhd; 1767688962506; 1767688962499; 5; 13; 15; 3; 1,2,1; 5.3
BronchoscopyVideo_2_20260106T094213_openCV_287.mhd; 1767688962606; 1767688962598; 5; 13; 15; 3; 1,2,1; 4.2
BronchoscopyVideo_2_20260106T094213_openCV_288.mhd; 1767688962706; 1767688962698; 5; 12; 15; 3; 1,2,1; 3.6
BronchoscopyVideo_2_20260106T094213_openCV_289.mhd; 1767688962806; 1767688962799; 5; 10; 15; 3; 1,2,1; 4.4
BronchoscopyVideo_2_20260106T094213_openCV_290.mhd; 1767688962906; 1767688962898; 5; 8; 15; 3; 1,2,1; 4.9
BronchoscopyVideo_2_20260106T094213_openCV_291.mhd; 1767688963006; 1767688962998; 5; 7; 15; 3; 1,2,1; 5.8
BronchoscopyVideo_2_20260106T094213_openCV_292.mhd; 1767688963106; 1767688963098; 5; 7; 15; 3; 1,2,1; 5.9
BronchoscopyVideo_2_20260106T094213_openCV_293.mhd; 1767688963206; 1767688963198; 5; 7; 15; 3; 1,2,1; 6.3
BronchoscopyVideo_2_20260106T094213_openCV_294.mhd; 1767688963306; 1767688963298; 5; 7; 15; 3; 1,2,1; 7.6
BronchoscopyVideo_2_20260106T094213_openCV_295.mhd; 1767688963406; 1767688963398; 8; 52; 62; 2; 1,2; 5.1
BronchoscopyVideo_2_20260106T094213_openCV_296.mhd; 1767688963506; 1767688963498; 8; 50; 62; 2; 1,2; 4.1
BronchoscopyVideo_2_20260106T094213_openCV_297.mhd; 1767688963606; 1767688963598; 8; 49; 62; 2; 1,2; 2.8
BronchoscopyVideo_2_20260106T094213_openCV_298.mhd; 1767688963706; 1767688963698; 8; 47; 62; 2; 1,2; 1.4
BronchoscopyVideo_2_20260106T094213_openCV_299.mhd; 1767688963806; 1767688963798; 8; 46; 62; 2; 1,2; 0.7
BronchoscopyVideo_2_20260106T094213_openCV_300.mhd; 1767688963906; 1767688963898; 8; 45; 62; 2; 1,2; 0.8
BronchoscopyVideo_2_20260106T094213_openCV_301.mhd; 1767688964006; 1767688963998; 8; 45; 62; 2; 1,2; 0.5
BronchoscopyVideo_2_20260106T094213_openCV_302.mhd; 1767688964106; 1767688964098; 8; 45; 62; 2; 1,2; 0.5
BronchoscopyVideo_2_20260106T094213_openCV_303.mhd; 1767688964206; 1767688964198; 8; 44; 62; 2; 1,2; 1.2
BronchoscopyVideo_2_20260106T094213_openCV_304.mhd; 1767688964306; 1767688964298; 8; 44; 62; 2; 1,2; 1.8
BronchoscopyVideo_2_20260106T094213_openCV_305.mhd; 1767688964406; 1767688964398; 8; 46; 62; 2; 1,2; 3.3
BronchoscopyVideo_2_20260106T094213_openCV_306.mhd; 1767688964506; 1767688964498; 8; 48; 62; 2; 1,2; 4.7
BronchoscopyVideo_2_20260106T094213_openCV_307.mhd; 1767688964606; 1767688964598; 8; 47; 62; 2; 1,2; 6
BronchoscopyVideo_2_20260106T094213_openCV_308.mhd; 1767688964706; 1767688964698; 8; 48; 62; 2; 1,2; 6.6
BronchoscopyVideo_2_20260106T094213_openCV_309.mhd; 1767688964806; 1767688964797; 8; 49; 62; 2; 1,2; 6.3
BronchoscopyVideo_2_20260106T094213_openCV_310.mhd; 1767688964906; 1767688964897; 8; 49; 62; 2; 1,2; 5.7
BronchoscopyVideo_2_20260106T094213_openCV_311.mhd; 1767688965006; 1767688964998; 8; 50; 62; 2; 1,2; 4.6
BronchoscopyVideo_2_20260106T094213_openCV_312.mhd; 1767688965106; 1767688965097; 8; 50; 62; 2; 1,2; 4.6
BronchoscopyVideo_2_20260106T094213_openCV_313.mhd; 1767688965206; 1767688965197; 8; 50; 62; 2; 1,2; 5.1
BronchoscopyVideo_2_20260106T094213_openCV_314.mhd; 1767688965306; 1767688965296; 8; 51; 62; 2; 1,2; 6.1
BronchoscopyVideo_2_20260106T094213_openCV_315.mhd; 1767688965406; 1767688965396; 8; 52; 62; 2; 1,2; 6.9
BronchoscopyVideo_2_20260106T094213_openCV_316.mhd; 1767688965506; 1767688965496; 8; 51; 62; 2; 1,2; 7.8
BronchoscopyVideo_2_20260106T094213_openCV_317.mhd; 1767688965606; 1767688965596; 8; 51; 62; 2; 1,2; 7.5
BronchoscopyVideo_2_20260106T094213_openCV_318.mhd; 1767688965706; 1767688965696; 8; 51; 62; 2; 1,2; 7.8
BronchoscopyVideo_2_20260106T094213_openCV_319.mhd; 1767688965806; 1767688965797; 8; 52; 62; 2; 1,2; 6.7
BronchoscopyVideo_2_20260106T094213_openCV_320.mhd; 1767688965906; 1767688965896; 8; 53; 62; 2; 1,2; 6.3
BronchoscopyVideo_2_20260106T094213_openCV_321.mhd; 1767688966006; 1767688965996; 8; 53; 62; 2; 1,2; 6.2
BronchoscopyVideo_2_20260106T094213_openCV_322.mhd; 1767688966106; 1767688966096; 8; 53; 62; 2; 1,2; 6.1
BronchoscopyVideo_2_20260106T094213_openCV_323.mhd; 1767688966206; 1767688966196; 8; 53; 62; 2; 1,2; 6.1
BronchoscopyVideo_2_20260106T094213_openCV_324.mhd; 1767688966307; 1767688966296; 8; 54; 62; 2; 1,2; 7
BronchoscopyVideo_2_20260106T094213_openCV_325.mhd; 1767688966406; 1767688966396; 8; 55; 62; 2; 1,2; 8.2
BronchoscopyVideo_2_20260106T094213_openCV_326.mhd; 1767688966506; 1767688966496; 8; 57; 62; 2; 1,2; 9.2
BronchoscopyVideo_2_20260106T094213_openCV_327.mhd; 1767688966606; 1767688966596; 6; 6; 38; 3; 1,2,2; 8.9
BronchoscopyVideo_2_20260106T094213_openCV_328.mhd; 1767688966706; 1767688966695; 6; 7; 38; 3; 1,2,2; 7.8
BronchoscopyVideo_2_20260106T094213_openCV_329.mhd; 1767688966806; 1767688966796; 6; 8; 38; 3; 1,2,2; 6.8
BronchoscopyVideo_2_20260106T094213_openCV_330.mhd; 1767688966906; 1767688966895; 6; 9; 38; 3; 1,2,2; 6.6
BronchoscopyVideo_2_20260106T094213_openCV_331.mhd; 1767688967006; 1767688966996; 6; 10; 38; 3; 1,2,2; 6.7
BronchoscopyVideo_2_20260106T094213_openCV_332.mhd; 1767688967106; 1767688967096; 6; 11; 38; 3; 1,2,2; 6.4
BronchoscopyVideo_2_20260106T094213_openCV_333.mhd; 1767688967206; 1767688967195; 6; 11; 38; 3; 1,2,2; 6.8
BronchoscopyVideo_2_20260106T094213_openCV_334.mhd; 1767688967306; 1767688967295; 6; 12; 38; 3; 1,2,2; 7.2
BronchoscopyVideo_2_20260106T094213_openCV_335.mhd; 1767688967406; 1767688967395; 6; 15; 38; 3; 1,2,2; 7
BronchoscopyVideo_2_20260106T094213_openCV_336.mhd; 1767688967506; 1767688967495; 6; 19; 38; 3; 1,2,2; 7.3
BronchoscopyVideo_2_20260106T094213_openCV_337.mhd; 1767688967606; 1767688967595; 6; 21; 38; 3; 1,2,2; 6.3
BronchoscopyVideo_2_20260106T094213_openCV_338.mhd; 1767688967706; 1767688967695; 6; 22; 38; 3; 1,2,2; 4.6
BronchoscopyVideo_2_20260106T094213_openCV_339.mhd; 1767688967806; 1767688967795; 6; 21; 38; 3; 1,2,2; 3.3
BronchoscopyVideo_2_20260106T094213_openCV_340.mhd; 1767688967906; 1767688967895; 6; 21; 38; 3; 1,2,2; 3.4
BronchoscopyVideo_2_20260106T094213_openCV_341.mhd; 1767688968006; 1767688967995; 6; 22; 38; 3; 1,2,2; 3.8
BronchoscopyVideo_2_20260106T094213_openCV_342.mhd; 1767688968106; 1767688968095; 6; 22; 38; 3; 1,2,2; 5.8
BronchoscopyVideo_2_20260106T094213_openCV_343.mhd; 1767688968206; 1767688968194; 6; 21; 38; 3; 1,2,2; 6.6
BronchoscopyVideo_2_20260106T094213_openCV_344.mhd; 1767688968306; 1767688968294; 6; 21; 38; 3; 1,2,2; 7.5
BronchoscopyVideo_2_20260106T094213_openCV_345.mhd; 1767688968406; 1767688968394; 6; 24; 38; 3; 1,2,2; 8.1
BronchoscopyVideo_2_20260106T094213_openCV_346.mhd; 1767688968506; 1767688968494; 6; 29; 38; 3; 1,2,2; 8.5
BronchoscopyVideo_2_20260106T094213_openCV_347.mhd; 1767688968606; 1767688968594; 6; 32; 38; 3; 1,2,2; 8.8
BronchoscopyVideo_2_20260106T094213_openCV_348.mhd; 1767688968706; 1767688968694; 3; 7; 28; 4; 1,2,2,1; 9.2
BronchoscopyVideo_2_20260106T094213_openCV_349.mhd; 1767688968807; 1767688968819; 3; 9; 28; 4; 1,2,2,1; 9.7
BronchoscopyVideo_2_20260106T094213_openCV_350.mhd; 1767688968906; 1767688968894; 3; 10; 28; 4; 1,2,2,1; 9.7
BronchoscopyVideo_2_20260106T094213_openCV_351.mhd; 1767688969006; 1767688968994; 3; 9; 28; 4; 1,2,2,1; 10.1
BronchoscopyVideo_2_20260106T094213_openCV_352.mhd; 1767688969106; 1767688969094; 3; 9; 28; 4; 1,2,2,1; 10.6
BronchoscopyVideo_2_20260106T094213_openCV_353.mhd; 1767688969207; 1767688969218; 3; 9; 28; 4; 1,2,2,1; 10.5
BronchoscopyVideo_2_20260106T094213_openCV_354.mhd; 1767688969306; 1767688969294; 3; 9; 28; 4; 1,2,2,1; 10.2
BronchoscopyVideo_2_20260106T094213_openCV_355.mhd; 1767688969406; 1767688969394; 3; 12; 28; 4; 1,2,2,1; 10.4
BronchoscopyVideo_2_20260106T094213_openCV_356.mhd; 1767688969506; 1767688969518; 3; 15; 28; 4; 1,2,2,1; 10.7
BronchoscopyVideo_2_20260106T094213_openCV_357.mhd; 1767688969606; 1767688969618; 3; 18; 28; 4; 1,2,2,1; 11.5
BronchoscopyVideo_2_20260106T094213_openCV_358.mhd; 1767688969706; 1767688969718; 3; 20; 28; 4; 1,2,2,1; 11.7
BronchoscopyVideo_2_20260106T094213_openCV_359.mhd; 1767688969806; 1767688969818; 3; 20; 28; 4; 1,2,2,1; 12.8
BronchoscopyVideo_2_20260106T094213_openCV_360.mhd; 1767688969906; 1767688969918; 14; 5; 22; 5; 1,2,2,1,1; 13.9
BronchoscopyVideo_2_20260106T094213_openCV_361.mhd; 1767688970006; 1767688970018; 14; 6; 22; 5; 1,2,2,1,1; 14.2
BronchoscopyVideo_2_20260106T094213_openCV_362.mhd; 1767688970106; 1767688970118; 14; 5; 22; 5; 1,2,2,1,1; 15.1
BronchoscopyVideo_2_20260106T094213_openCV_363.mhd; 1767688970206; 1767688970218; 3; 20; 28; 4; 1,2,2,1; 15.4
BronchoscopyVideo_2_20260106T094213_openCV_364.mhd; 1767688970306; 1767688970318; 3; 18; 28; 4; 1,2,2,1; 14.7
BronchoscopyVideo_2_20260106T094213_openCV_365.mhd; 1767688970406; 1767688970418; 3; 21; 28; 4; 1,2,2,1; 13.8
BronchoscopyVideo_2_20260106T094213_openCV_366.mhd; 1767688970506; 1767688970518; 14; 7; 22; 5; 1,2,2,1,1; 13.4
BronchoscopyVideo_2_20260106T094213_openCV_367.mhd; 1767688970606; 1767688970618; 14; 6; 22; 5; 1,2,2,1,1; 15.5
BronchoscopyVideo_2_20260106T094213_openCV_368.mhd; 1767688970707; 1767688970717; 6; 20; 38; 3; 1,2,2; 13
BronchoscopyVideo_2_20260106T094213_openCV_369.mhd; 1767688970806; 1767688970818; 6; 13; 38; 3; 1,2,2; 2.8
BronchoscopyVideo_2_20260106T094213_openCV_370.mhd; 1767688970906; 1767688970917; 6; 13; 38; 3; 1,2,2; 2.3
BronchoscopyVideo_2_20260106T094213_openCV_371.mhd; 1767688971006; 1767688971018; 6; 19; 38; 3; 1,2,2; 5.8
BronchoscopyVideo_2_20260106T094213_openCV_372.mhd; 1767688971106; 1767688971117; 6; 21; 38; 3; 1,2,2; 7.5
BronchoscopyVideo_2_20260106T094213_openCV_373.mhd; 1767688971206; 1767688971216; 6; 15; 38; 3; 1,2,2; 6
BronchoscopyVideo_2_20260106T094213_openCV_374.mhd; 1767688971306; 1767688971317; 6; 1; 38; 3; 1,2,2; 1.3
BronchoscopyVideo_2_20260106T094213_openCV_375.mhd; 1767688971406; 1767688971417; 8; 54; 62; 2; 1,2; 1.2
BronchoscopyVideo_2_20260106T094213_openCV_376.mhd; 1767688971506; 1767688971516; 8; 50; 62; 2; 1,2; 2.5
BronchoscopyVideo_2_20260106T094213_openCV_377.mhd; 1767688971606; 1767688971616; 8; 50; 62; 2; 1,2; 3
BronchoscopyVideo_2_20260106T094213_openCV_378.mhd; 1767688971706; 1767688971716; 8; 50; 62; 2; 1,2; 2.3
BronchoscopyVideo_2_20260106T094213_openCV_379.mhd; 1767688971806; 1767688971816; 8; 46; 62; 2; 1,2; 1.8
BronchoscopyVideo_2_20260106T094213_openCV_380.mhd; 1767688971906; 1767688971916; 8; 45; 62; 2; 1,2; 1.2
BronchoscopyVideo_2_20260106T094213_openCV_381.mhd; 1767688972006; 1767688972016; 8; 45; 62; 2; 1,2; 1.9
BronchoscopyVideo_2_20260106T094213_openCV_382.mhd; 1767688972106; 1767688972116; 8; 47; 62; 2; 1,2; 1.7
BronchoscopyVideo_2_20260106T094213_openCV_383.mhd; 1767688972206; 1767688972216; 8; 46; 62; 2; 1,2; 0.8
BronchoscopyVideo_2_20260106T094213_openCV_384.mhd; 1767688972306; 1767688972316; 8; 40; 62; 2; 1,2; 1.5
BronchoscopyVideo_2_20260106T094213_openCV_385.mhd; 1767688972406; 1767688972416; 8; 29; 62; 2; 1,2; 2.5
BronchoscopyVideo_2_20260106T094213_openCV_386.mhd; 1767688972506; 1767688972516; 8; 22; 62; 2; 1,2; 1.3
BronchoscopyVideo_2_20260106T094213_openCV_387.mhd; 1767688972606; 1767688972616; 8; 20; 62; 2; 1,2; 1.5
BronchoscopyVideo_2_20260106T094213_openCV_388.mhd; 1767688972706; 1767688972716; 8; 20; 62; 2; 1,2; 2.1
BronchoscopyVideo_2_20260106T094213_openCV_389.mhd; 1767688972807; 1767688972816; 8; 23; 62; 2; 1,2; 3.8
BronchoscopyVideo_2_20260106T094213_openCV_390.mhd; 1767688972906; 1767688972915; 8; 21; 62; 2; 1,2; 3.1
BronchoscopyVideo_2_20260106T094213_openCV_391.mhd; 1767688973006; 1767688973016; 8; 19; 62; 2; 1,2; 2.8
BronchoscopyVideo_2_20260106T094213_openCV_392.mhd; 1767688973106; 1767688973115; 8; 23; 62; 2; 1,2; 1.5
BronchoscopyVideo_2_20260106T094213_openCV_393.mhd; 1767688973206; 1767688973215; 8; 27; 62; 2; 1,2; 2.1
BronchoscopyVideo_2_20260106T094213_openCV_394.mhd; 1767688973306; 1767688973315; 8; 29; 62; 2; 1,2; 3.9
BronchoscopyVideo_2_20260106T094213_openCV_395.mhd; 1767688973406; 1767688973415; 8; 30; 62; 2; 1,2; 3.1
BronchoscopyVideo_2_20260106T094213_openCV_396.mhd; 1767688973506; 1767688973515; 8; 31; 62; 2; 1,2; 3.5
BronchoscopyVideo_2_20260106T094213_openCV_397.mhd; 1767688973607; 1767688973615; 8; 31; 62; 2; 1,2; 2.6
BronchoscopyVideo_2_20260106T094213_openCV_398.mhd; 1767688973706; 1767688973715; 8; 32; 62; 2; 1,2; 2
BronchoscopyVideo_2_20260106T094213_openCV_399.mhd; 1767688973806; 1767688973815; 8; 32; 62; 2; 1,2; 0.7
BronchoscopyVideo_2_20260106T094213_openCV_400.mhd; 1767688973906; 1767688973915; 8; 29; 62; 2; 1,2; 5.1
BronchoscopyVideo_2_20260106T094213_openCV_401.mhd; 1767688974006; 1767688974015; 8; 30; 62; 2; 1,2; 5
BronchoscopyVideo_2_20260106T094213_openCV_402.mhd; 1767688974106; 1767688974115; 8; 29; 62; 2; 1,2; 3.5
BronchoscopyVideo_2_20260106T094213_openCV_403.mhd; 1767688974206; 1767688974215; 8; 32; 62; 2; 1,2; 1.6
BronchoscopyVideo_2_20260106T094213_openCV_404.mhd; 1767688974306; 1767688974315; 8; 29; 62; 2; 1,2; 2.4
BronchoscopyVideo_2_20260106T094213_openCV_405.mhd; 1767688974406; 1767688974415; 8; 19; 62; 2; 1,2; 5.9
BronchoscopyVideo_2_20260106T094213_openCV_406.mhd; 1767688974506; 1767688974490; 8; 18; 62; 2; 1,2; 2.5
BronchoscopyVideo_2_20260106T094213_openCV_407.mhd; 1767688974606; 1767688974614; 8; 9; 62; 2; 1,2; 2.2
BronchoscopyVideo_2_20260106T094213_openCV_408.mhd; 1767688974706; 1767688974714; 8; 9; 62; 2; 1,2; 3.9
BronchoscopyVideo_2_20260106T094213_openCV_409.mhd; 1767688974806; 1767688974815; 8; 26; 62; 2; 1,2; 3
BronchoscopyVideo_2_20260106T094213_openCV_410.mhd; 1767688974906; 1767688974913; 8; 29; 62; 2; 1,2; 1.5
BronchoscopyVideo_2_20260106T094213_openCV_411.mhd; 1767688975006; 1767688975014; 8; 26; 62; 2; 1,2; 1.6
BronchoscopyVideo_2_20260106T094213_openCV_412.mhd; 1767688975106; 1767688975113; 8; 19; 62; 2; 1,2; 1.4
BronchoscopyVideo_2_20260106T094213_openCV_413.mhd; 1767688975206;-1;-1;-1;-1;-1;-1;-1
BronchoscopyVideo_2_20260106T094213_openCV_414.mhd; 1767688975306;-1;-1;-1;-1;-1;-1;-1
BronchoscopyVideo_2_20260106T094213_openCV_415.mhd; 1767688975406; 1767688975413; 8; 10; 62; 2; 1,2; 0.6
BronchoscopyVideo_2_20260106T094213_openCV_416.mhd; 1767688975506; 1767688975513; 8; 10; 62; 2; 1,2; 3.7
BronchoscopyVideo_2_20260106T094213_openCV_417.mhd; 1767688975606; 1767688975563; 8; 18; 62; 2; 1,2; 1.5
BronchoscopyVideo_2_20260106T094213_openCV_418.mhd; 1767688975707; 1767688975713; 8; 22; 62; 2; 1,2; 0.7
BronchoscopyVideo_2_20260106T094213_openCV_419.mhd; 1767688975806; 1767688975813; 8; 21; 62; 2; 1,2; 3.4
BronchoscopyVideo_2_20260106T094213_openCV_420.mhd; 1767688975906; 1767688975913; 8; 28; 62; 2; 1,2; 2.3
BronchoscopyVideo_2_20260106T094213_openCV_421.mhd; 1767688976007; 1767688976013; 8; 27; 62; 2; 1,2; 0.8
BronchoscopyVideo_2_20260106T094213_openCV_422.mhd; 1767688976106; 1767688976113; 8; 28; 62; 2; 1,2; 0.9
BronchoscopyVideo_2_20260106T094213_openCV_423.mhd; 1767688976206; 1767688976213; 8; 28; 62; 2; 1,2; 2.1
BronchoscopyVideo_2_20260106T094213_openCV_424.mhd; 1767688976306; 1767688976313; 8; 29; 62; 2; 1,2; 1.9
BronchoscopyVideo_2_20260106T094213_openCV_425.mhd; 1767688976406; 1767688976413; 8; 28; 62; 2; 1,2; 2.5
BronchoscopyVideo_2_20260106T094213_openCV_426.mhd; 1767688976506; 1767688976513; 8; 27; 62; 2; 1,2; 2.9
BronchoscopyVideo_2_20260106T094213_openCV_427.mhd; 1767688976606; 1767688976613; 8; 28; 62; 2; 1,2; 1.6
BronchoscopyVideo_2_20260106T094213_openCV_428.mhd; 1767688976706; 1767688976713; 8; 30; 62; 2; 1,2; 1.6
BronchoscopyVideo_2_20260106T094213_openCV_429.mhd; 1767688976806; 1767688976813; 8; 31; 62; 2; 1,2; 5
BronchoscopyVideo_2_20260106T094213_openCV_430.mhd; 1767688976907; 1767688976913; 8; 32; 62; 2; 1,2; 4.8
BronchoscopyVideo_2_20260106T094213_openCV_431.mhd; 1767688977006; 1767688977013; 8; 32; 62; 2; 1,2; 3.9
BronchoscopyVideo_2_20260106T094213_openCV_432.mhd; 1767688977106; 1767688977112; 8; 31; 62; 2; 1,2; 3.3
BronchoscopyVideo_2_20260106T094213_openCV_433.mhd; 1767688977206; 1767688977212; 8; 30; 62; 2; 1,2; 3.6
BronchoscopyVideo_2_20260106T094213_openCV_434.mhd; 1767688977306; 1767688977311; 8; 31; 62; 2; 1,2; 3.6
BronchoscopyVideo_2_20260106T094213_openCV_435.mhd; 1767688977406; 1767688977411; 8; 31; 62; 2; 1,2; 4.3
BronchoscopyVideo_2_20260106T094213_openCV_436.mhd; 1767688977506; 1767688977511; 8; 31; 62; 2; 1,2; 4.1
BronchoscopyVideo_2_20260106T094213_openCV_437.mhd; 1767688977606; 1767688977611; 8; 37; 62; 2; 1,2; 3.1
BronchoscopyVideo_2_20260106T094213_openCV_438.mhd; 1767688977706; 1767688977711; 8; 42; 62; 2; 1,2; 2.7
BronchoscopyVideo_2_20260106T094213_openCV_439.mhd; 1767688977806; 1767688977811; 8; 43; 62; 2; 1,2; 2.8
BronchoscopyVideo_2_20260106T094213_openCV_440.mhd; 1767688977906; 1767688977911; 8; 43; 62; 2; 1,2; 3.8
BronchoscopyVideo_2_20260106T094213_openCV_441.mhd; 1767688978006; 1767688978011; 8; 44; 62; 2; 1,2; 5.1
BronchoscopyVideo_2_20260106T094213_openCV_442.mhd; 1767688978106; 1767688978111; 8; 45; 62; 2; 1,2; 5.6
BronchoscopyVideo_2_20260106T094213_openCV_443.mhd; 1767688978206; 1767688978211; 8; 40; 62; 2; 1,2; 5.7
BronchoscopyVideo_2_20260106T094213_openCV_444.mhd; 1767688978306; 1767688978311; 8; 35; 62; 2; 1,2; 5.2
BronchoscopyVideo_2_20260106T094213_openCV_445.mhd; 1767688978406; 1767688978411; 8; 35; 62; 2; 1,2; 5
BronchoscopyVideo_2_20260106T094213_openCV_446.mhd; 1767688978506; 1767688978511; 8; 38; 62; 2; 1,2; 5.5
BronchoscopyVideo_2_20260106T094213_openCV_447.mhd; 1767688978606; 1767688978611; 8; 40; 62; 2; 1,2; 7.5
BronchoscopyVideo_2_20260106T094213_openCV_448.mhd; 1767688978706; 1767688978711; 8; 42; 62; 2; 1,2; 10.5
BronchoscopyVideo_2_20260106T094213_openCV_449.mhd; 1767688978807; 1767688978812; 8; 42; 62; 2; 1,2; 10.5
BronchoscopyVideo_2_20260106T094213_openCV_450.mhd; 1767688978906; 1767688978913; 8; 42; 62; 2; 1,2; 10.9
BronchoscopyVideo_2_20260106T094213_openCV_451.mhd; 1767688979006; 1767688979011; 8; 43; 62; 2; 1,2; 10.9
BronchoscopyVideo_2_20260106T094213_openCV_452.mhd; 1767688979106; 1767688979110; 8; 43; 62; 2; 1,2; 11.8
BronchoscopyVideo_2_20260106T094213_openCV_453.mhd; 1767688979206; 1767688979211; 8; 43; 62; 2; 1,2; 12.4
BronchoscopyVideo_2_20260106T094213_openCV_454.mhd; 1767688979306; 1767688979310; 8; 42; 62; 2; 1,2; 12.7
BronchoscopyVideo_2_20260106T094213_openCV_455.mhd; 1767688979406; 1767688979410; 8; 42; 62; 2; 1,2; 13.3
BronchoscopyVideo_2_20260106T094213_openCV_456.mhd; 1767688979506; 1767688979510; 8; 43; 62; 2; 1,2; 13
BronchoscopyVideo_2_20260106T094213_openCV_457.mhd; 1767688979606; 1767688979611; 8; 46; 62; 2; 1,2; 13
BronchoscopyVideo_2_20260106T094213_openCV_458.mhd; 1767688979707; 1767688979710; 8; 45; 62; 2; 1,2; 12.4
BronchoscopyVideo_2_20260106T094213_openCV_459.mhd; 1767688979806; 1767688979810; 8; 44; 62; 2; 1,2; 12.4
BronchoscopyVideo_2_20260106T094213_openCV_460.mhd; 1767688979906; 1767688979910; 8; 44; 62; 2; 1,2; 11.5
BronchoscopyVideo_2_20260106T094213_openCV_461.mhd; 1767688980006; 1767688980010; 8; 44; 62; 2; 1,2; 11.9
BronchoscopyVideo_2_20260106T094213_openCV_462.mhd; 1767688980106; 1767688980109; 8; 43; 62; 2; 1,2; 12.6
BronchoscopyVideo_2_20260106T094213_openCV_463.mhd; 1767688980206; 1767688980210; 8; 42; 62; 2; 1,2; 12.5
BronchoscopyVideo_2_20260106T094213_openCV_464.mhd; 1767688980306; 1767688980313; 8; 42; 62; 2; 1,2; 12.5
BronchoscopyVideo_2_20260106T094213_openCV_465.mhd; 1767688980406; 1767688980409; 8; 42; 62; 2; 1,2; 12.2
BronchoscopyVideo_2_20260106T094213_openCV_466.mhd; 1767688980506; 1767688980510; 8; 33; 62; 2; 1,2; 4.9
BronchoscopyVideo_2_20260106T094213_openCV_467.mhd; 1767688980606; 1767688980609; 8; 32; 62; 2; 1,2; 2
BronchoscopyVideo_2_20260106T094213_openCV_468.mhd; 1767688980706; 1767688980709; 8; 32; 62; 2; 1,2; 2.2
BronchoscopyVideo_2_20260106T094213_openCV_469.mhd; 1767688980806; 1767688980809; 8; 29; 62; 2; 1,2; 3.8
BronchoscopyVideo_2_20260106T094213_openCV_470.mhd; 1767688980906; 1767688980909; 8; 30; 62; 2; 1,2; 4.2
BronchoscopyVideo_2_20260106T094213_openCV_471.mhd; 1767688981006; 1767688981009; 8; 31; 62; 2; 1,2; 4.4
BronchoscopyVideo_2_20260106T094213_openCV_472.mhd; 1767688981106; 1767688981109; 8; 32; 62; 2; 1,2; 4
BronchoscopyVideo_2_20260106T094213_openCV_473.mhd; 1767688981206; 1767688981209; 8; 38; 62; 2; 1,2; 3.9
BronchoscopyVideo_2_20260106T094213_openCV_474.mhd; 1767688981306; 1767688981308; 8; 44; 62; 2; 1,2; 4.4
BronchoscopyVideo_2_20260106T094213_openCV_475.mhd; 1767688981406; 1767688981408; 8; 48; 62; 2; 1,2; 5.1
BronchoscopyVideo_2_20260106T094213_openCV_476.mhd; 1767688981506; 1767688981508; 8; 49; 62; 2; 1,2; 5.5
BronchoscopyVideo_2_20260106T094213_openCV_477.mhd; 1767688981606; 1767688981608; 8; 50; 62; 2; 1,2; 5.7
BronchoscopyVideo_2_20260106T094213_openCV_478.mhd; 1767688981706; 1767688981708; 8; 50; 62; 2; 1,2; 4
BronchoscopyVideo_2_20260106T094213_openCV_479.mhd; 1767688981806; 1767688981808; 8; 49; 62; 2; 1,2; 3.1
BronchoscopyVideo_2_20260106T094213_openCV_480.mhd; 1767688981906; 1767688981908; 8; 48; 62; 2; 1,2; 2.7
BronchoscopyVideo_2_20260106T094213_openCV_481.mhd; 1767688982006; 1767688982008; 8; 48; 62; 2; 1,2; 4
BronchoscopyVideo_2_20260106T094213_openCV_482.mhd; 1767688982106; 1767688982108; 8; 50; 62; 2; 1,2; 5.5
BronchoscopyVideo_2_20260106T094213_openCV_483.mhd; 1767688982206; 1767688982208; 8; 51; 62; 2; 1,2; 6.6
BronchoscopyVideo_2_20260106T094213_openCV_484.mhd; 1767688982306; 1767688982308; 8; 52; 62; 2; 1,2; 7.5
BronchoscopyVideo_2_20260106T094213_openCV_485.mhd; 1767688982406; 1767688982408; 8; 52; 62; 2; 1,2; 7.5
BronchoscopyVideo_2_20260106T094213_openCV_486.mhd; 1767688982506; 1767688982508; 8; 54; 62; 2; 1,2; 7.5
BronchoscopyVideo_2_20260106T094213_openCV_487.mhd; 1767688982606; 1767688982608; 8; 54; 62; 2; 1,2; 7.7
BronchoscopyVideo_2_20260106T094213_openCV_488.mhd; 1767688982706; 1767688982709; 5; 8; 15; 3; 1,2,1; 6.8
BronchoscopyVideo_2_20260106T094213_openCV_489.mhd; 1767688982806; 1767688982808; 5; 8; 15; 3; 1,2,1; 5.8
BronchoscopyVideo_2_20260106T094213_openCV_490.mhd; 1767688982906; 1767688982909; 5; 9; 15; 3; 1,2,1; 5
BronchoscopyVideo_2_20260106T094213_openCV_491.mhd; 1767688983006; 1767688983007; 5; 11; 15; 3; 1,2,1; 3.4
BronchoscopyVideo_2_20260106T094213_openCV_492.mhd; 1767688983106; 1767688983108; 5; 13; 15; 3; 1,2,1; 3
BronchoscopyVideo_2_20260106T094213_openCV_493.mhd; 1767688983206; 1767688983207; 5; 13; 15; 3; 1,2,1; 2.9
BronchoscopyVideo_2_20260106T094213_openCV_494.mhd; 1767688983306; 1767688983306; 5; 13; 15; 3; 1,2,1; 3
BronchoscopyVideo_2_20260106T094213_openCV_495.mhd; 1767688983406; 1767688983406; 5; 13; 15; 3; 1,2,1; 2.7
BronchoscopyVideo_2_20260106T094213_openCV_496.mhd; 1767688983506; 1767688983506; 5; 10; 15; 3; 1,2,1; 3.9
BronchoscopyVideo_2_20260106T094213_openCV_497.mhd; 1767688983606; 1767688983607; 8; 57; 62; 2; 1,2; 4.8
BronchoscopyVideo_2_20260106T094213_openCV_498.mhd; 1767688983706; 1767688983706; 8; 56; 62; 2; 1,2; 4.7
BronchoscopyVideo_2_20260106T094213_openCV_499.mhd; 1767688983806; 1767688983806; 5; 6; 15; 3; 1,2,1; 5.7
BronchoscopyVideo_2_20260106T094213_openCV_500.mhd; 1767688983906; 1767688983906; 5; 7; 15; 3; 1,2,1; 5.2
BronchoscopyVideo_2_20260106T094213_openCV_501.mhd; 1767688984006; 1767688984006; 5; 7; 15; 3; 1,2,1; 4.7
BronchoscopyVideo_2_20260106T094213_openCV_502.mhd; 1767688984106; 1767688984106; 5; 7; 15; 3; 1,2,1; 4.8
BronchoscopyVideo_2_20260106T094213_openCV_503.mhd; 1767688984206; 1767688984206; 5; 7; 15; 3; 1,2,1; 4.9
BronchoscopyVideo_2_20260106T094213_openCV_504.mhd; 1767688984306; 1767688984306; 5; 6; 15; 3; 1,2,1; 4.6
BronchoscopyVideo_2_20260106T094213_openCV_505.mhd; 1767688984407; 1767688984406; 8; 56; 62; 2; 1,2; 4.8
BronchoscopyVideo_2_20260106T094213_openCV_506.mhd; 1767688984506; 1767688984506; 8; 55; 62; 2; 1,2; 5.1
BronchoscopyVideo_2_20260106T094213_openCV_507.mhd; 1767688984606; 1767688984606; 8; 53; 62; 2; 1,2; 5.3
BronchoscopyVideo_2_20260106T094213_openCV_508.mhd; 1767688984706; 1767688984706; 8; 50; 62; 2; 1,2; 3.9
BronchoscopyVideo_2_20260106T094213_openCV_509.mhd; 1767688984806; 1767688984806; 8; 49; 62; 2; 1,2; 4
BronchoscopyVideo_2_20260106T094213_openCV_510.mhd; 1767688984906; 1767688984906; 8; 45; 62; 2; 1,2; 3.9
BronchoscopyVideo_2_20260106T094213_openCV_511.mhd; 1767688985006; 1767688985006; 8; 41; 62; 2; 1,2; 3.2
BronchoscopyVideo_2_20260106T094213_openCV_512.mhd; 1767688985106; 1767688985106; 8; 38; 62; 2; 1,2; 2.7
BronchoscopyVideo_2_20260106T094213_openCV_513.mhd; 1767688985206; 1767688985206; 8; 34; 62; 2; 1,2; 2.5
BronchoscopyVideo_2_20260106T094213_openCV_514.mhd; 1767688985306; 1767688985306; 8; 31; 62; 2; 1,2; 2.8
BronchoscopyVideo_2_20260106T094213_openCV_515.mhd; 1767688985406; 1767688985405; 8; 28; 62; 2; 1,2; 3.1
BronchoscopyVideo_2_20260106T094213_openCV_516.mhd; 1767688985506; 1767688985505; 8; 27; 62; 2; 1,2; 2.9
BronchoscopyVideo_2_20260106T094213_openCV_517.mhd; 1767688985606; 1767688985605; 8; 28; 62; 2; 1,2; 3.1
BronchoscopyVideo_2_20260106T094213_openCV_518.mhd; 1767688985706; 1767688985705; 8; 28; 62; 2; 1,2; 2.7
BronchoscopyVideo_2_20260106T094213_openCV_519.mhd; 1767688985806; 1767688985805; 8; 25; 62; 2; 1,2; 2.1
BronchoscopyVideo_2_20260106T094213_openCV_520.mhd; 1767688985906; 1767688985905; 8; 13; 62; 2; 1,2; 1.6
BronchoscopyVideo_2_20260106T094213_openCV_521.mhd; 1767688986007; 1767688986004; 8; 12; 62; 2; 1,2; 2.5
BronchoscopyVideo_2_20260106T094213_openCV_522.mhd; 1767688986106; 1767688986104; 8; 14; 62; 2; 1,2; 3.7
BronchoscopyVideo_2_20260106T094213_openCV_523.mhd; 1767688986206; 1767688986204; 8; 16; 62; 2; 1,2; 4.1
BronchoscopyVideo_2_20260106T094213_openCV_524.mhd; 1767688986307; 1767688986304; 8; 17; 62; 2; 1,2; 4.2
BronchoscopyVideo_2_20260106T094213_openCV_525.mhd; 1767688986406; 1767688986404; 8; 27; 62; 2; 1,2; 4
BronchoscopyVideo_2_20260106T094213_openCV_526.mhd; 1767688986506; 1767688986505; 8; 32; 62; 2; 1,2; 1.3
BronchoscopyVideo_2_20260106T094213_openCV_527.mhd; 1767688986606; 1767688986604; 8; 43; 62; 2; 1,2; 1.8
BronchoscopyVideo_2_20260106T094213_openCV_528.mhd; 1767688986706; 1767688986704; 8; 48; 62; 2; 1,2; 5.2
BronchoscopyVideo_2_20260106T094213_openCV_529.mhd; 1767688986807; 1767688986804; 8; 53; 62; 2; 1,2; 5.9
BronchoscopyVideo_2_20260106T094213_openCV_530.mhd; 1767688986906; 1767688986904; 8; 53; 62; 2; 1,2; 4.7
BronchoscopyVideo_2_20260106T094213_openCV_531.mhd; 1767688987006; 1767688987004; 8; 52; 62; 2; 1,2; 4.6
BronchoscopyVideo_2_20260106T094213_openCV_532.mhd; 1767688987107; 1767688987104; 8; 52; 62; 2; 1,2; 4.4
BronchoscopyVideo_2_20260106T094213_openCV_533.mhd; 1767688987206; 1767688987204; 8; 53; 62; 2; 1,2; 4.5
BronchoscopyVideo_2_20260106T094213_openCV_534.mhd; 1767688987306; 1767688987304; 8; 55; 62; 2; 1,2; 6.6
BronchoscopyVideo_2_20260106T094213_openCV_535.mhd; 1767688987406; 1767688987403; 8; 54; 62; 2; 1,2; 6.1
BronchoscopyVideo_2_20260106T094213_openCV_536.mhd; 1767688987507; 1767688987504; 8; 54; 62; 2; 1,2; 6.3
BronchoscopyVideo_2_20260106T094213_openCV_537.mhd; 1767688987606; 1767688987604; 6; 7; 38; 3; 1,2,2; 7.9
BronchoscopyVideo_2_20260106T094213_openCV_538.mhd; 1767688987706; 1767688987704; 6; 11; 38; 3; 1,2,2; 7.4
BronchoscopyVideo_2_20260106T094213_openCV_539.mhd; 1767688987806; 1767688987804; 6; 11; 38; 3; 1,2,2; 7.4
BronchoscopyVideo_2_20260106T094213_openCV_540.mhd; 1767688987906; 1767688987903; 6; 13; 38; 3; 1,2,2; 6.8
BronchoscopyVideo_2_20260106T094213_openCV_541.mhd; 1767688988006; 1767688988003; 6; 16; 38; 3; 1,2,2; 6.6
BronchoscopyVideo_2_20260106T094213_openCV_542.mhd; 1767688988106; 1767688988103; 6; 16; 38; 3; 1,2,2; 6.4
BronchoscopyVideo_2_20260106T094213_openCV_543.mhd; 1767688988206; 1767688988203; 6; 16; 38; 3; 1,2,2; 6.8
BronchoscopyVideo_2_20260106T094213_openCV_544.mhd; 1767688988306; 1767688988303; 6; 16; 38; 3; 1,2,2; 5
BronchoscopyVideo_2_20260106T094213_openCV_545.mhd; 1767688988406; 1767688988403; 6; 20; 38; 3; 1,2,2; 3.1
BronchoscopyVideo_2_20260106T094213_openCV_546.mhd; 1767688988506; 1767688988503; 6; 23; 38; 3; 1,2,2; 3.9
BronchoscopyVideo_2_20260106T094213_openCV_547.mhd; 1767688988606; 1767688988603; 6; 27; 38; 3; 1,2,2; 5.3
BronchoscopyVideo_2_20260106T094213_openCV_548.mhd; 1767688988706; 1767688988703; 6; 28; 38; 3; 1,2,2; 6.7
BronchoscopyVideo_2_20260106T094213_openCV_549.mhd; 1767688988806; 1767688988803; 6; 28; 38; 3; 1,2,2; 7.4
BronchoscopyVideo_2_20260106T094213_openCV_550.mhd; 1767688988907; 1767688988902; 6; 29; 38; 3; 1,2,2; 8.1
BronchoscopyVideo_2_20260106T094213_openCV_551.mhd; 1767688989006; 1767688989002; 6; 30; 38; 3; 1,2,2; 8.7
BronchoscopyVideo_2_20260106T094213_openCV_552.mhd; 1767688989106; 1767688989102; 6; 31; 38; 3; 1,2,2; 8.6
BronchoscopyVideo_2_20260106T094213_openCV_553.mhd; 1767688989206; 1767688989202; 6; 32; 38; 3; 1,2,2; 8.2
BronchoscopyVideo_2_20260106T094213_openCV_554.mhd; 1767688989306; 1767688989302; 6; 33; 38; 3; 1,2,2; 8.6
BronchoscopyVideo_2_20260106T094213_openCV_555.mhd; 1767688989406; 1767688989402; 3; 7; 28; 4; 1,2,2,1; 8.1
BronchoscopyVideo_2_20260106T094213_openCV_556.mhd; 1767688989506; 1767688989502; 3; 8; 28; 4; 1,2,2,1; 8.1
BronchoscopyVideo_2_20260106T094213_openCV_557.mhd; 1767688989606; 1767688989602; 3; 9; 28; 4; 1,2,2,1; 8.3
BronchoscopyVideo_2_20260106T094213_openCV_558.mhd; 1767688989707; 1767688989702; 3; 9; 28; 4; 1,2,2,1; 8.8
BronchoscopyVideo_2_20260106T094213_openCV_559.mhd; 1767688989806; 1767688989801; 3; 11; 28; 4; 1,2,2,1; 8.1
BronchoscopyVideo_2_20260106T094213_openCV_560.mhd; 1767688989906; 1767688989901; 3; 15; 28; 4; 1,2,2,1; 7.9
BronchoscopyVideo_2_20260106T094213_openCV_561.mhd; 1767688990006; 1767688990001; 3; 17; 28; 4; 1,2,2,1; 7.6
BronchoscopyVideo_2_20260106T094213_openCV_562.mhd; 1767688990106; 1767688990101; 3; 16; 28; 4; 1,2,2,1; 8.2
BronchoscopyVideo_2_20260106T094213_openCV_563.mhd; 1767688990206; 1767688990201; 3; 14; 28; 4; 1,2,2,1; 8.7
BronchoscopyVideo_2_20260106T094213_openCV_564.mhd; 1767688990306; 1767688990301; 3; 13; 28; 4; 1,2,2,1; 8.2
BronchoscopyVideo_2_20260106T094213_openCV_565.mhd; 1767688990406; 1767688990401; 3; 13; 28; 4; 1,2,2,1; 8.1
BronchoscopyVideo_2_20260106T094213_openCV_566.mhd; 1767688990506; 1767688990501; 3; 13; 28; 4; 1,2,2,1; 8.3
BronchoscopyVideo_2_20260106T094213_openCV_567.mhd; 1767688990606; 1767688990601; 3; 13; 28; 4; 1,2,2,1; 8.1
BronchoscopyVideo_2_20260106T094213_openCV_568.mhd; 1767688990706; 1767688990701; 3; 13; 28; 4; 1,2,2,1; 7.5
BronchoscopyVideo_2_20260106T094213_openCV_569.mhd; 1767688990806; 1767688990801; 3; 13; 28; 4; 1,2,2,1; 7.7
BronchoscopyVideo_2_20260106T094213_openCV_570.mhd; 1767688990906; 1767688990901; 3; 12; 28; 4; 1,2,2,1; 7.4
BronchoscopyVideo_2_20260106T094213_openCV_571.mhd; 1767688991006; 1767688991001; 3; 13; 28; 4; 1,2,2,1; 7.4
BronchoscopyVideo_2_20260106T094213_openCV_572.mhd; 1767688991106; 1767688991101; 3; 13; 28; 4; 1,2,2,1; 7.5
BronchoscopyVideo_2_20260106T094213_openCV_573.mhd; 1767688991206; 1767688991201; 3; 15; 28; 4; 1,2,2,1; 7.6
BronchoscopyVideo_2_20260106T094213_openCV_574.mhd; 1767688991306; 1767688991301; 3; 15; 28; 4; 1,2,2,1; 7.4
BronchoscopyVideo_2_20260106T094213_openCV_575.mhd; 1767688991406; 1767688991401; 3; 14; 28; 4; 1,2,2,1; 7.8
BronchoscopyVideo_2_20260106T094213_openCV_576.mhd; 1767688991506; 1767688991501; 3; 12; 28; 4; 1,2,2,1; 6.9
BronchoscopyVideo_2_20260106T094213_openCV_577.mhd; 1767688991606; 1767688991601; 3; 11; 28; 4; 1,2,2,1; 6.7
BronchoscopyVideo_2_20260106T094213_openCV_578.mhd; 1767688991706; 1767688991701; 3; 11; 28; 4; 1,2,2,1; 6.5
BronchoscopyVideo_2_20260106T094213_openCV_579.mhd; 1767688991806; 1767688991800; 3; 11; 28; 4; 1,2,2,1; 6.8
BronchoscopyVideo_2_20260106T094213_openCV_580.mhd; 1767688991906; 1767688991900; 3; 11; 28; 4; 1,2,2,1; 6.8
BronchoscopyVideo_2_20260106T094213_openCV_581.mhd; 1767688992006; 1767688992000; 3; 11; 28; 4; 1,2,2,1; 6.8
BronchoscopyVideo_2_20260106T094213_openCV_582.mhd; 1767688992106; 1767688992099; 3; 12; 28; 4; 1,2,2,1; 6.6
BronchoscopyVideo_2_20260106T094213_openCV_583.mhd; 1767688992206; 1767688992199; 3; 13; 28; 4; 1,2,2,1; 6.1
BronchoscopyVideo_2_20260106T094213_openCV_584.mhd; 1767688992306; 1767688992299; 3; 14; 28; 4; 1,2,2,1; 5.2
BronchoscopyVideo_2_20260106T094213_openCV_585.mhd; 1767688992406; 1767688992399; 3; 16; 28; 4; 1,2,2,1; 4.9
BronchoscopyVideo_2_20260106T094213_openCV_586.mhd; 1767688992506; 1767688992499; 3; 16; 28; 4; 1,2,2,1; 4.4
BronchoscopyVideo_2_20260106T094213_openCV_587.mhd; 1767688992606; 1767688992599; 3; 16; 28; 4; 1,2,2,1; 4.6
BronchoscopyVideo_2_20260106T094213_openCV_588.mhd; 1767688992707; 1767688992699; 3; 16; 28; 4; 1,2,2,1; 5
BronchoscopyVideo_2_20260106T094213_openCV_589.mhd; 1767688992806; 1767688992799; 3; 16; 28; 4; 1,2,2,1; 5.2
BronchoscopyVideo_2_20260106T094213_openCV_590.mhd; 1767688992906; 1767688992899; 3; 17; 28; 4; 1,2,2,1; 4.9
BronchoscopyVideo_2_20260106T094213_openCV_591.mhd; 1767688993006; 1767688992999; 3; 18; 28; 4; 1,2,2,1; 4.5
BronchoscopyVideo_2_20260106T094213_openCV_592.mhd; 1767688993106; 1767688993099; 3; 19; 28; 4; 1,2,2,1; 3.9
BronchoscopyVideo_2_20260106T094213_openCV_593.mhd; 1767688993206; 1767688993199; 3; 19; 28; 4; 1,2,2,1; 4.1
BronchoscopyVideo_2_20260106T094213_openCV_594.mhd; 1767688993306; 1767688993299; 3; 20; 28; 4; 1,2,2,1; 4.1
BronchoscopyVideo_2_20260106T094213_openCV_595.mhd; 1767688993406; 1767688993399; 3; 20; 28; 4; 1,2,2,1; 4.2
BronchoscopyVideo_2_20260106T094213_openCV_596.mhd; 1767688993506; 1767688993499; 3; 21; 28; 4; 1,2,2,1; 4.8
BronchoscopyVideo_2_20260106T094213_openCV_597.mhd; 1767688993606; 1767688993599; 3; 21; 28; 4; 1,2,2,1; 5.1
BronchoscopyVideo_2_20260106T094213_openCV_598.mhd; 1767688993706; 1767688993699; 3; 22; 28; 4; 1,2,2,1; 4.8
BronchoscopyVideo_2_20260106T094213_openCV_599.mhd; 1767688993806; 1767688993799; 3; 22; 28; 4; 1,2,2,1; 5.1
BronchoscopyVideo_2_20260106T094213_openCV_600.mhd; 1767688993906; 1767688993899; 3; 21; 28; 4; 1,2,2,1; 4.7
BronchoscopyVideo_2_20260106T094213_openCV_601.mhd; 1767688994006; 1767688993999; 3; 21; 28; 4; 1,2,2,1; 4.7
BronchoscopyVideo_2_20260106T094213_openCV_602.mhd; 1767688994106; 1767688994098; 3; 21; 28; 4; 1,2,2,1; 4.4
BronchoscopyVideo_2_20260106T094213_openCV_603.mhd; 1767688994206; 1767688994198; 3; 21; 28; 4; 1,2,2,1; 5.3
BronchoscopyVideo_2_20260106T094213_openCV_604.mhd; 1767688994306; 1767688994298; 3; 21; 28; 4; 1,2,2,1; 5.7
BronchoscopyVideo_2_20260106T094213_openCV_605.mhd; 1767688994406; 1767688994398; 3; 21; 28; 4; 1,2,2,1; 5.2
BronchoscopyVideo_2_20260106T094213_openCV_606.mhd; 1767688994506; 1767688994498; 3; 18; 28; 4; 1,2,2,1; 6.1
BronchoscopyVideo_2_20260106T094213_openCV_607.mhd; 1767688994606; 1767688994598; 3; 7; 28; 4; 1,2,2,1; 8.5
BronchoscopyVideo_2_20260106T094213_openCV_608.mhd; 1767688994706; 1767688994698; 6; 25; 38; 3; 1,2,2; 6.6
BronchoscopyVideo_2_20260106T094213_openCV_609.mhd; 1767688994806; 1767688994798; 6; 26; 38; 3; 1,2,2; 7.6
BronchoscopyVideo_2_20260106T094213_openCV_610.mhd; 1767688994906; 1767688994897; 6; 28; 38; 3; 1,2,2; 8.6
BronchoscopyVideo_2_20260106T094213_openCV_611.mhd; 1767688995006; 1767688994997; 6; 24; 38; 3; 1,2,2; 8.1
BronchoscopyVideo_2_20260106T094213_openCV_612.mhd; 1767688995106; 1767688995098; 6; 11; 38; 3; 1,2,2; 2.8
BronchoscopyVideo_2_20260106T094213_openCV_613.mhd; 1767688995207; 1767688995198; 8; 57; 62; 2; 1,2; 1.9
BronchoscopyVideo_2_20260106T094213_openCV_614.mhd; 1767688995306; 1767688995297; 8; 56; 62; 2; 1,2; 2
BronchoscopyVideo_2_20260106T094213_openCV_615.mhd; 1767688995406; 1767688995397; 8; 53; 62; 2; 1,2; 1.9
BronchoscopyVideo_2_20260106T094213_openCV_616.mhd; 1767688995506; 1767688995497; 8; 52; 62; 2; 1,2; 4
BronchoscopyVideo_2_20260106T094213_openCV_617.mhd; 1767688995606; 1767688995597; 8; 45; 62; 2; 1,2; 3.3
BronchoscopyVideo_2_20260106T094213_openCV_618.mhd; 1767688995706; 1767688995697; 8; 41; 62; 2; 1,2; 3.7
BronchoscopyVideo_2_20260106T094213_openCV_619.mhd; 1767688995806; 1767688995797; 8; 37; 62; 2; 1,2; 4.1
BronchoscopyVideo_2_20260106T094213_openCV_620.mhd; 1767688995906; 1767688995897; 8; 33; 62; 2; 1,2; 5.5
BronchoscopyVideo_2_20260106T094213_openCV_621.mhd; 1767688996006; 1767688995997; 8; 28; 62; 2; 1,2; 5.4
BronchoscopyVideo_2_20260106T094213_openCV_622.mhd; 1767688996106; 1767688996097; 8; 27; 62; 2; 1,2; 5.5
BronchoscopyVideo_2_20260106T094213_openCV_623.mhd; 1767688996206; 1767688996197; 8; 28; 62; 2; 1,2; 5.6
BronchoscopyVideo_2_20260106T094213_openCV_624.mhd; 1767688996306; 1767688996297; 8; 29; 62; 2; 1,2; 6.8
BronchoscopyVideo_2_20260106T094213_openCV_625.mhd; 1767688996406; 1767688996397; 8; 30; 62; 2; 1,2; 7.1
BronchoscopyVideo_2_20260106T094213_openCV_626.mhd; 1767688996506; 1767688996496; 8; 30; 62; 2; 1,2; 7.1
BronchoscopyVideo_2_20260106T094213_openCV_627.mhd; 1767688996606; 1767688996596; 8; 30; 62; 2; 1,2; 6.7
BronchoscopyVideo_2_20260106T094213_openCV_628.mhd; 1767688996706; 1767688996696; 8; 28; 62; 2; 1,2; 6
BronchoscopyVideo_2_20260106T094213_openCV_629.mhd; 1767688996806; 1767688996796; 8; 24; 62; 2; 1,2; 5
BronchoscopyVideo_2_20260106T094213_openCV_630.mhd; 1767688996906; 1767688996896; 8; 29; 62; 2; 1,2; 4.6
BronchoscopyVideo_2_20260106T094213_openCV_631.mhd; 1767688997006; 1767688996996; 8; 32; 62; 2; 1,2; 4.7
BronchoscopyVideo_2_20260106T094213_openCV_632.mhd; 1767688997106; 1767688997096; 8; 31; 62; 2; 1,2; 5.3
BronchoscopyVideo_2_20260106T094213_openCV_633.mhd; 1767688997206; 1767688997196; 8; 29; 62; 2; 1,2; 5
BronchoscopyVideo_2_20260106T094213_openCV_634.mhd; 1767688997306; 1767688997296; 8; 33; 62; 2; 1,2; 5.6
BronchoscopyVideo_2_20260106T094213_openCV_635.mhd; 1767688997406; 1767688997396; 8; 48; 62; 2; 1,2; 4
BronchoscopyVideo_2_20260106T094213_openCV_636.mhd; 1767688997506; 1767688997496; 8; 56; 62; 2; 1,2; 8.1
BronchoscopyVideo_2_20260106T094213_openCV_637.mhd; 1767688997606; 1767688997596; 8; 54; 62; 2; 1,2; 7.4
BronchoscopyVideo_2_20260106T094213_openCV_638.mhd; 1767688997706; 1767688997696; 8; 53; 62; 2; 1,2; 6.7
BronchoscopyVideo_2_20260106T094213_openCV_639.mhd; 1767688997806; 1767688997795; 8; 56; 62; 2; 1,2; 9.1
BronchoscopyVideo_2_20260106T094213_openCV_640.mhd; 1767688997906; 1767688997895; 6; 7; 38; 3; 1,2,2; 10
BronchoscopyVideo_2_20260106T094213_openCV_641.mhd; 1767688998006; 1767688997995; 6; 10; 38; 3; 1,2,2; 9
BronchoscopyVideo_2_20260106T094213_openCV_642.mhd; 1767688998106; 1767688998095; 6; 13; 38; 3; 1,2,2; 8.9
BronchoscopyVideo_2_20260106T094213_openCV_643.mhd; 1767688998206; 1767688998194; 6; 14; 38; 3; 1,2,2; 8.8
BronchoscopyVideo_2_20260106T094213_openCV_644.mhd; 1767688998306; 1767688998294; 6; 10; 38; 3; 1,2,2; 8.2
BronchoscopyVideo_2_20260106T094213_openCV_645.mhd; 1767688998406; 1767688998394; 6; 9; 38; 3; 1,2,2; 8.1
BronchoscopyVideo_2_20260106T094213_openCV_646.mhd; 1767688998506; 1767688998494; 6; 8; 38; 3; 1,2,2; 6.9
BronchoscopyVideo_2_20260106T094213_openCV_647.mhd; 1767688998606; 1767688998594; 6; 7; 38; 3; 1,2,2; 7
BronchoscopyVideo_2_20260106T094213_openCV_648.mhd; 1767688998706; 1767688998694; 6; 7; 38; 3; 1,2,2; 7.1
BronchoscopyVideo_2_20260106T094213_openCV_649.mhd; 1767688998806; 1767688998794; 6; 10; 38; 3; 1,2,2; 6.7
BronchoscopyVideo_2_20260106T094213_openCV_650.mhd; 1767688998906; 1767688998894; 6; 15; 38; 3; 1,2,2; 6.5
BronchoscopyVideo_2_20260106T094213_openCV_651.mhd; 1767688999006; 1767688998994; 6; 18; 38; 3; 1,2,2; 6.6
BronchoscopyVideo_2_20260106T094213_openCV_652.mhd; 1767688999106; 1767688999094; 6; 18; 38; 3; 1,2,2; 6.6
BronchoscopyVideo_2_20260106T094213_openCV_653.mhd; 1767688999206; 1767688999194; 6; 18; 38; 3; 1,2,2; 6.5
BronchoscopyVideo_2_20260106T094213_openCV_654.mhd; 1767688999306; 1767688999294; 6; 18; 38; 3; 1,2,2; 5.8
BronchoscopyVideo_2_20260106T094213_openCV_655.mhd; 1767688999406; 1767688999394; 6; 19; 38; 3; 1,2,2; 5.7
BronchoscopyVideo_2_20260106T094213_openCV_656.mhd; 1767688999506; 1767688999494; 6; 18; 38; 3; 1,2,2; 5.7
BronchoscopyVideo_2_20260106T094213_openCV_657.mhd; 1767688999606; 1767688999594; 6; 19; 38; 3; 1,2,2; 5.8
BronchoscopyVideo_2_20260106T094213_openCV_658.mhd; 1767688999706; 1767688999694; 6; 24; 38; 3; 1,2,2; 5.9
BronchoscopyVideo_2_20260106T094213_openCV_659.mhd; 1767688999806; 1767688999794; 6; 28; 38; 3; 1,2,2; 6
BronchoscopyVideo_2_20260106T094213_openCV_660.mhd; 1767688999906; 1767688999894; 6; 27; 38; 3; 1,2,2; 5.1
BronchoscopyVideo_2_20260106T094213_openCV_661.mhd; 1767689000006; 1767688999994; 6; 22; 38; 3; 1,2,2; 4.3
BronchoscopyVideo_2_20260106T094213_openCV_662.mhd; 1767689000106; 1767689000094; 6; 28; 38; 3; 1,2,2; 4.8
BronchoscopyVideo_2_20260106T094213_openCV_663.mhd; 1767689000206; 1767689000194; 6; 31; 38; 3; 1,2,2; 5.3
BronchoscopyVideo_2_20260106T094213_openCV_664.mhd; 1767689000307; 1767689000318; 6; 34; 38; 3; 1,2,2; 5.1
BronchoscopyVideo_2_20260106T094213_openCV_665.mhd; 1767689000406; 1767689000394; 6; 34; 38; 3; 1,2,2; 5.4
BronchoscopyVideo_2_20260106T094213_openCV_666.mhd; 1767689000506; 1767689000494; 6; 34; 38; 3; 1,2,2; 5.7
BronchoscopyVideo_2_20260106T094213_openCV_667.mhd; 1767689000606; 1767689000618; 6; 33; 38; 3; 1,2,2; 6.3
BronchoscopyVideo_2_20260106T094213_openCV_668.mhd; 1767689000706; 1767689000717; 6; 32; 38; 3; 1,2,2; 6.5
BronchoscopyVideo_2_20260106T094213_openCV_669.mhd; 1767689000806; 1767689000817; 6; 31; 38; 3; 1,2,2; 6.4
BronchoscopyVideo_2_20260106T094213_openCV_670.mhd; 1767689000906; 1767689000917; 6; 31; 38; 3; 1,2,2; 6.8
BronchoscopyVideo_2_20260106T094213_openCV_671.mhd; 1767689001006; 1767689001017; 6; 31; 38; 3; 1,2,2; 7.1
BronchoscopyVideo_2_20260106T094213_openCV_672.mhd; 1767689001106; 1767689001117; 6; 31; 38; 3; 1,2,2; 7.2
BronchoscopyVideo_2_20260106T094213_openCV_673.mhd; 1767689001206; 1767689001217; 6; 33; 38; 3; 1,2,2; 7.2
BronchoscopyVideo_2_20260106T094213_openCV_674.mhd; 1767689001306; 1767689001317; 6; 35; 38; 3; 1,2,2; 7.4
BronchoscopyVideo_2_20260106T094213_openCV_675.mhd; 1767689001406; 1767689001417; 6; 34; 38; 3; 1,2,2; 7.6
BronchoscopyVideo_2_20260106T094213_openCV_676.mhd; 1767689001506; 1767689001517; 6; 35; 38; 3; 1,2,2; 8.1
BronchoscopyVideo_2_20260106T094213_openCV_677.mhd; 1767689001606; 1767689001617; 6; 34; 38; 3; 1,2,2; 8.3
BronchoscopyVideo_2_20260106T094213_openCV_678.mhd; 1767689001706; 1767689001717; 6; 33; 38; 3; 1,2,2; 8.4
BronchoscopyVideo_2_20260106T094213_openCV_679.mhd; 1767689001806; 1767689001817; 6; 33; 38; 3; 1,2,2; 8.6
BronchoscopyVideo_2_20260106T094213_openCV_680.mhd; 1767689001906; 1767689001917; 6; 34; 38; 3; 1,2,2; 8.7
BronchoscopyVideo_2_20260106T094213_openCV_681.mhd; 1767689002006; 1767689002017; 6; 35; 38; 3; 1,2,2; 8.6
BronchoscopyVideo_2_20260106T094213_openCV_682.mhd; 1767689002106; 1767689002117; 6; 35; 38; 3; 1,2,2; 9.1
BronchoscopyVideo_2_20260106T094213_openCV_683.mhd; 1767689002206; 1767689002216; 4; 4; 14; 4; 1,2,2,2; 9.9
BronchoscopyVideo_2_20260106T094213_openCV_684.mhd; 1767689002307; 1767689002317; 4; 4; 14; 4; 1,2,2,2; 10.2
BronchoscopyVideo_2_20260106T094213_openCV_685.mhd; 1767689002406; 1767689002416; 4; 4; 14; 4; 1,2,2,2; 10.2
BronchoscopyVideo_2_20260106T094213_openCV_686.mhd; 1767689002506; 1767689002516; 6; 33; 38; 3; 1,2,2; 9
BronchoscopyVideo_2_20260106T094213_openCV_687.mhd; 1767689002606; 1767689002616; 6; 30; 38; 3; 1,2,2; 7.5
BronchoscopyVideo_2_20260106T094213_openCV_688.mhd; 1767689002706; 1767689002716; 6; 29; 38; 3; 1,2,2; 6.8
BronchoscopyVideo_2_20260106T094213_openCV_689.mhd; 1767689002806; 1767689002816; 6; 29; 38; 3; 1,2,2; 6.8
BronchoscopyVideo_2_20260106T094213_openCV_690.mhd; 1767689002906; 1767689002916; 6; 30; 38; 3; 1,2,2; 7.4
BronchoscopyVideo_2_20260106T094213_openCV_691.mhd; 1767689003006; 1767689003016; 6; 32; 38; 3; 1,2,2; 7.9
BronchoscopyVideo_2_20260106T094213_openCV_692.mhd; 1767689003106; 1767689003116; 6; 32; 38; 3; 1,2,2; 8.3
BronchoscopyVideo_2_20260106T094213_openCV_693.mhd; 1767689003206; 1767689003216; 6; 32; 38; 3; 1,2,2; 8.2
BronchoscopyVideo_2_20260106T094213_openCV_694.mhd; 1767689003306; 1767689003316; 6; 32; 38; 3; 1,2,2; 8.5
BronchoscopyVideo_2_20260106T094213_openCV_695.mhd; 1767689003406; 1767689003415; 6; 33; 38; 3; 1,2,2; 8
BronchoscopyVideo_2_20260106T094213_openCV_696.mhd; 1767689003506; 1767689003516; 6; 33; 38; 3; 1,2,2; 8.1
BronchoscopyVideo_2_20260106T094213_openCV_697.mhd; 1767689003606; 1767689003616; 6; 31; 38; 3; 1,2,2; 7
BronchoscopyVideo_2_20260106T094213_openCV_698.mhd; 1767689003706; 1767689003715; 6; 30; 38; 3; 1,2,2; 6.9
BronchoscopyVideo_2_20260106T094213_openCV_699.mhd; 1767689003806; 1767689003815; 6; 29; 38; 3; 1,2,2; 7.1
BronchoscopyVideo_2_20260106T094213_openCV_700.mhd; 1767689003906; 1767689003915; 6; 28; 38; 3; 1,2,2; 6.5
BronchoscopyVideo_2_20260106T094213_openCV_701.mhd; 1767689004006; 1767689004015; 6; 29; 38; 3; 1,2,2; 6.8
BronchoscopyVideo_2_20260106T094213_openCV_702.mhd; 1767689004106; 1767689004115; 6; 29; 38; 3; 1,2,2; 6.8
BronchoscopyVideo_2_20260106T094213_openCV_703.mhd; 1767689004206; 1767689004214; 6; 29; 38; 3; 1,2,2; 6.5
BronchoscopyVideo_2_20260106T094213_openCV_704.mhd; 1767689004306; 1767689004315; 6; 30; 38; 3; 1,2,2; 5.7
BronchoscopyVideo_2_20260106T094213_openCV_705.mhd; 1767689004406; 1767689004414; 6; 30; 38; 3; 1,2,2; 5.4
BronchoscopyVideo_2_20260106T094213_openCV_706.mhd; 1767689004506; 1767689004514; 6; 29; 38; 3; 1,2,2; 5.1
BronchoscopyVideo_2_20260106T094213_openCV_707.mhd; 1767689004606; 1767689004614; 6; 27; 38; 3; 1,2,2; 5.4
BronchoscopyVideo_2_20260106T094213_openCV_708.mhd; 1767689004706; 1767689004714; 6; 26; 38; 3; 1,2,2; 5.3
BronchoscopyVideo_2_20260106T094213_openCV_709.mhd; 1767689004806; 1767689004814; 6; 25; 38; 3; 1,2,2; 5.5
BronchoscopyVideo_2_20260106T094213_openCV_710.mhd; 1767689004906; 1767689004914; 6; 23; 38; 3; 1,2,2; 5.6
BronchoscopyVideo_2_20260106T094213_openCV_711.mhd; 1767689005006; 1767689005014; 6; 23; 38; 3; 1,2,2; 5.7
BronchoscopyVideo_2_20260106T094213_openCV_712.mhd; 1767689005106; 1767689005114; 6; 26; 38; 3; 1,2,2; 5.3
BronchoscopyVideo_2_20260106T094213_openCV_713.mhd; 1767689005206; 1767689005214; 6; 29; 38; 3; 1,2,2; 5.5
BronchoscopyVideo_2_20260106T094213_openCV_714.mhd; 1767689005306; 1767689005314; 6; 35; 38; 3; 1,2,2; 5.2
BronchoscopyVideo_2_20260106T094213_openCV_715.mhd; 1767689005406; 1767689005414; 4; 1; 14; 4; 1,2,2,2; 5.3
BronchoscopyVideo_2_20260106T094213_openCV_716.mhd; 1767689005506; 1767689005514; 6; 37; 38; 3; 1,2,2; 5.4
BronchoscopyVideo_2_20260106T094213_openCV_717.mhd; 1767689005606; 1767689005614; 6; 36; 38; 3; 1,2,2; 5.2
BronchoscopyVideo_2_20260106T094213_openCV_718.mhd; 1767689005706; 1767689005714; 4; 4; 14; 4; 1,2,2,2; 5.5
BronchoscopyVideo_2_20260106T094213_openCV_719.mhd; 1767689005806; 1767689005814; 4; 8; 14; 4; 1,2,2,2; 5.8
BronchoscopyVideo_2_20260106T094213_openCV_720.mhd; 1767689005906; 1767689005914; 4; 11; 14; 4; 1,2,2,2; 5.7
BronchoscopyVideo_2_20260106T094213_openCV_721.mhd; 1767689006006; 1767689006013; 18; 4; 20; 5; 1,2,2,2,2; 5.1
BronchoscopyVideo_2_20260106T094213_openCV_722.mhd; 1767689006106; 1767689006114; 18; 6; 20; 5; 1,2,2,2,2; 4.7
BronchoscopyVideo_2_20260106T094213_openCV_723.mhd; 1767689006206; 1767689006213; 18; 3; 20; 5; 1,2,2,2,2; 5
BronchoscopyVideo_2_20260106T094213_openCV_724.mhd; 1767689006306; 1767689006313; 18; 4; 20; 5; 1,2,2,2,2; 5.1
BronchoscopyVideo_2_20260106T094213_openCV_725.mhd; 1767689006406; 1767689006413; 18; 8; 20; 5; 1,2,2,2,2; 4.3
BronchoscopyVideo_2_20260106T094213_openCV_726.mhd; 1767689006506; 1767689006513; 18; 10; 20; 5; 1,2,2,2,2; 4.4
BronchoscopyVideo_2_20260106T094213_openCV_727.mhd; 1767689006606; 1767689006613; 18; 11; 20; 5; 1,2,2,2,2; 3.9
BronchoscopyVideo_2_20260106T094213_openCV_728.mhd; 1767689006706; 1767689006712; 18; 13; 20; 5; 1,2,2,2,2; 3.4
BronchoscopyVideo_2_20260106T094213_openCV_729.mhd; 1767689006806; 1767689006812; 18; 15; 20; 5; 1,2,2,2,2; 3.4
BronchoscopyVideo_2_20260106T094213_openCV_730.mhd; 1767689006906; 1767689006912; 18; 18; 20; 5; 1,2,2,2,2; 3.1
BronchoscopyVideo_2_20260106T094213_openCV_731.mhd; 1767689007006; 1767689007012; 18; 18; 20; 5; 1,2,2,2,2; 3.1
BronchoscopyVideo_2_20260106T094213_openCV_732.mhd; 1767689007106; 1767689007112; 18; 19; 20; 5; 1,2,2,2,2; 3.2
BronchoscopyVideo_2_20260106T094213_openCV_733.mhd; 1767689007206; 1767689007212; 18; 18; 20; 5; 1,2,2,2,2; 2.9
BronchoscopyVideo_2_20260106T094213_openCV_734.mhd; 1767689007306; 1767689007312; 16; 2; 14; 6; 1,2,2,2,2,2; 3.1
BronchoscopyVideo_2_20260106T094213_openCV_735.mhd; 1767689007406; 1767689007412; 15; 5; 15; 6; 1,2,2,2,2,1; 3.5
BronchoscopyVideo_2_20260106T094213_openCV_736.mhd; 1767689007506; 1767689007512; 15; 8; 15; 6; 1,2,2,2,2,1; 4.4
BronchoscopyVideo_2_20260106T094213_openCV_737.mhd; 1767689007606; 1767689007612; 15; 10; 15; 6; 1,2,2,2,2,1; 4.7
BronchoscopyVideo_2_20260106T094213_openCV_738.mhd; 1767689007706; 1767689007712; 15; 11; 15; 6; 1,2,2,2,2,1; 5.2
BronchoscopyVideo_2_20260106T094213_openCV_739.mhd; 1767689007806; 1767689007812; 34; 2; 21; 7; 1,2,2,2,2,1,1; 5.9
BronchoscopyVideo_2_20260106T094213_openCV_740.mhd; 1767689007906; 1767689007912; 34; 3; 21; 7; 1,2,2,2,2,1,1; 6
BronchoscopyVideo_2_20260106T094213_openCV_741.mhd; 1767689008006; 1767689008012; 34; 4; 21; 7; 1,2,2,2,2,1,1; 6.1
BronchoscopyVideo_2_20260106T094213_openCV_742.mhd; 1767689008106; 1767689008112; 34; 5; 21; 7; 1,2,2,2,2,1,1; 6.2
BronchoscopyVideo_2_20260106T094213_openCV_743.mhd; 1767689008206; 1767689008212; 34; 5; 21; 7; 1,2,2,2,2,1,1; 6.3
BronchoscopyVideo_2_20260106T094213_openCV_744.mhd; 1767689008306; 1767689008312; 34; 5; 21; 7; 1,2,2,2,2,1,1; 6.4
BronchoscopyVideo_2_20260106T094213_openCV_745.mhd; 1767689008406; 1767689008411; 34; 5; 21; 7; 1,2,2,2,2,1,1; 6.7
BronchoscopyVideo_2_20260106T094213_openCV_746.mhd; 1767689008506; 1767689008511; 34; 6; 21; 7; 1,2,2,2,2,1,1; 6.8
BronchoscopyVideo_2_20260106T094213_openCV_747.mhd; 1767689008606; 1767689008611; 34; 6; 21; 7; 1,2,2,2,2,1,1; 7.1
BronchoscopyVideo_2_20260106T094213_openCV_748.mhd; 1767689008706; 1767689008711; 34; 4; 21; 7; 1,2,2,2,2,1,1; 6.3
BronchoscopyVideo_2_20260106T094213_openCV_749.mhd; 1767689008806; 1767689008811; 15; 10; 15; 6; 1,2,2,2,2,1; 4.5
BronchoscopyVideo_2_20260106T094213_openCV_750.mhd; 1767689008906; 1767689008911; 15; 8; 15; 6; 1,2,2,2,2,1; 3.3
BronchoscopyVideo_2_20260106T094213_openCV_751.mhd; 1767689009006; 1767689009011; 15; 9; 15; 6; 1,2,2,2,2,1; 3.4
BronchoscopyVideo_2_20260106T094213_openCV_752.mhd; 1767689009106; 1767689009111; 15; 11; 15; 6; 1,2,2,2,2,1; 3.7
BronchoscopyVideo_2_20260106T094213_openCV_753.mhd; 1767689009206; 1767689009211; 34; 2; 21; 7; 1,2,2,2,2,1,1; 4.3
BronchoscopyVideo_2_20260106T094213_openCV_754.mhd; 1767689009307; 1767689009311; 34; 3; 21; 7; 1,2,2,2,2,1,1; 4.3
BronchoscopyVideo_2_20260106T094213_openCV_755.mhd; 1767689009406; 1767689009411; 34; 5; 21; 7; 1,2,2,2,2,1,1; 4.1
BronchoscopyVideo_2_20260106T094213_openCV_756.mhd; 1767689009506; 1767689009511; 34; 7; 21; 7; 1,2,2,2,2,1,1; 4
BronchoscopyVideo_2_20260106T094213_openCV_757.mhd; 1767689009606; 1767689009610; 34; 8; 21; 7; 1,2,2,2,2,1,1; 3.8
BronchoscopyVideo_2_20260106T094213_openCV_758.mhd; 1767689009706; 1767689009710; 34; 8; 21; 7; 1,2,2,2,2,1,1; 3.6
BronchoscopyVideo_2_20260106T094213_openCV_759.mhd; 1767689009806; 1767689009810; 34; 8; 21; 7; 1,2,2,2,2,1,1; 3.5
BronchoscopyVideo_2_20260106T094213_openCV_760.mhd; 1767689009906; 1767689009910; 34; 5; 21; 7; 1,2,2,2,2,1,1; 3.8
BronchoscopyVideo_2_20260106T094213_openCV_761.mhd; 1767689010006; 1767689010010; 15; 9; 15; 6; 1,2,2,2,2,1; 3.1
BronchoscopyVideo_2_20260106T094213_openCV_762.mhd; 1767689010106; 1767689010110; 15; 5; 15; 6; 1,2,2,2,2,1; 2.3
BronchoscopyVideo_2_20260106T094213_openCV_763.mhd; 1767689010206; 1767689010210; 15; 3; 15; 6; 1,2,2,2,2,1; 2.3
BronchoscopyVideo_2_20260106T094213_openCV_764.mhd; 1767689010306; 1767689010310; 15; 4; 15; 6; 1,2,2,2,2,1; 2
BronchoscopyVideo_2_20260106T094213_openCV_765.mhd; 1767689010406; 1767689010410; 15; 5; 15; 6; 1,2,2,2,2,1; 2.2
BronchoscopyVideo_2_20260106T094213_openCV_766.mhd; 1767689010506; 1767689010509; 15; 7; 15; 6; 1,2,2,2,2,1; 2.4
BronchoscopyVideo_2_20260106T094213_openCV_767.mhd; 1767689010606; 1767689010609; 15; 7; 15; 6; 1,2,2,2,2,1; 2.8
BronchoscopyVideo_2_20260106T094213_openCV_768.mhd; 1767689010706; 1767689010709; 15; 7; 15; 6; 1,2,2,2,2,1; 2.8
BronchoscopyVideo_2_20260106T094213_openCV_769.mhd; 1767689010806; 1767689010809; 15; 8; 15; 6; 1,2,2,2,2,1; 2.2
BronchoscopyVideo_2_20260106T094213_openCV_770.mhd; 1767689010906; 1767689010909; 15; 8; 15; 6; 1,2,2,2,2,1; 1.6
BronchoscopyVideo_2_20260106T094213_openCV_771.mhd; 1767689011006; 1767689011009; 15; 8; 15; 6; 1,2,2,2,2,1; 1.3
BronchoscopyVideo_2_20260106T094213_openCV_772.mhd; 1767689011106; 1767689011109; 15; 8; 15; 6; 1,2,2,2,2,1; 1.5
BronchoscopyVideo_2_20260106T094213_openCV_773.mhd; 1767689011206; 1767689011209; 15; 7; 15; 6; 1,2,2,2,2,1; 1.4
BronchoscopyVideo_2_20260106T094213_openCV_774.mhd; 1767689011306; 1767689011309; 15; 7; 15; 6; 1,2,2,2,2,1; 1.4
BronchoscopyVideo_2_20260106T094213_openCV_775.mhd; 1767689011406; 1767689011409; 15; 8; 15; 6; 1,2,2,2,2,1; 1.3
BronchoscopyVideo_2_20260106T094213_openCV_776.mhd; 1767689011506; 1767689011509; 15; 8; 15; 6; 1,2,2,2,2,1; 1.1
BronchoscopyVideo_2_20260106T094213_openCV_777.mhd; 1767689011606; 1767689011609; 15; 7; 15; 6; 1,2,2,2,2,1; 0.4
BronchoscopyVideo_2_20260106T094213_openCV_778.mhd; 1767689011707; 1767689011709; 15; 4; 15; 6; 1,2,2,2,2,1; 1.5
BronchoscopyVideo_2_20260106T094213_openCV_779.mhd; 1767689011806; 1767689011809; 16; 4; 14; 6; 1,2,2,2,2,2; 1.4
BronchoscopyVideo_2_20260106T094213_openCV_780.mhd; 1767689011906; 1767689011909; 16; 7; 14; 6; 1,2,2,2,2,2; 1.7
BronchoscopyVideo_2_20260106T094213_openCV_781.mhd; 1767689012006; 1767689012009; 16; 7; 14; 6; 1,2,2,2,2,2; 2.1
BronchoscopyVideo_2_20260106T094213_openCV_782.mhd; 1767689012106; 1767689012109; 16; 7; 14; 6; 1,2,2,2,2,2; 3.4
BronchoscopyVideo_2_20260106T094213_openCV_783.mhd; 1767689012206; 1767689012209; 16; 6; 14; 6; 1,2,2,2,2,2; 3.5
BronchoscopyVideo_2_20260106T094213_openCV_784.mhd; 1767689012306; 1767689012309; 16; 7; 14; 6; 1,2,2,2,2,2; 3.7
BronchoscopyVideo_2_20260106T094213_openCV_785.mhd; 1767689012406; 1767689012408; 16; 7; 14; 6; 1,2,2,2,2,2; 3.8
BronchoscopyVideo_2_20260106T094213_openCV_786.mhd; 1767689012506; 1767689012509; 16; 6; 14; 6; 1,2,2,2,2,2; 4.1
BronchoscopyVideo_2_20260106T094213_openCV_787.mhd; 1767689012606; 1767689012607; 16; 6; 14; 6; 1,2,2,2,2,2; 4.5
BronchoscopyVideo_2_20260106T094213_openCV_788.mhd; 1767689012706; 1767689012707; 18; 15; 20; 5; 1,2,2,2,2; 4.7
BronchoscopyVideo_2_20260106T094213_openCV_789.mhd; 1767689012806; 1767689012808; 16; 7; 14; 6; 1,2,2,2,2,2; 4
BronchoscopyVideo_2_20260106T094213_openCV_790.mhd; 1767689012906; 1767689012908; 16; 7; 14; 6; 1,2,2,2,2,2; 5.2
BronchoscopyVideo_2_20260106T094213_openCV_791.mhd; 1767689013006; 1767689013008; 18; 15; 20; 5; 1,2,2,2,2; 3
BronchoscopyVideo_2_20260106T094213_openCV_792.mhd; 1767689013106; 1767689013108; 18; 12; 20; 5; 1,2,2,2,2; 5.1
BronchoscopyVideo_2_20260106T094213_openCV_793.mhd; 1767689013206; 1767689013208; 18; 7; 20; 5; 1,2,2,2,2; 5.2
BronchoscopyVideo_2_20260106T094213_openCV_794.mhd; 1767689013306; 1767689013309; 18; 7; 20; 5; 1,2,2,2,2; 5.8
BronchoscopyVideo_2_20260106T094213_openCV_795.mhd; 1767689013406; 1767689013407; 18; 9; 20; 5; 1,2,2,2,2; 5.6
BronchoscopyVideo_2_20260106T094213_openCV_796.mhd; 1767689013506; 1767689013507; 18; 10; 20; 5; 1,2,2,2,2; 5.7
BronchoscopyVideo_2_20260106T094213_openCV_797.mhd; 1767689013606; 1767689013607; 18; 11; 20; 5; 1,2,2,2,2; 5.6
BronchoscopyVideo_2_20260106T094213_openCV_798.mhd; 1767689013706; 1767689013707; 18; 11; 20; 5; 1,2,2,2,2; 6
BronchoscopyVideo_2_20260106T094213_openCV_799.mhd; 1767689013806; 1767689013807; 18; 12; 20; 5; 1,2,2,2,2; 6.3
BronchoscopyVideo_2_20260106T094213_openCV_800.mhd; 1767689013906; 1767689013907; 16; 7; 14; 6; 1,2,2,2,2,2; 5.2
BronchoscopyVideo_2_20260106T094213_openCV_801.mhd; 1767689014006; 1767689014007; 16; 8; 14; 6; 1,2,2,2,2,2; 3.4
BronchoscopyVideo_2_20260106T094213_openCV_802.mhd; 1767689014106; 1767689014108; 16; 8; 14; 6; 1,2,2,2,2,2; 3.4
BronchoscopyVideo_2_20260106T094213_openCV_803.mhd; 1767689014206; 1767689014207; 16; 8; 14; 6; 1,2,2,2,2,2; 3.5
BronchoscopyVideo_2_20260106T094213_openCV_804.mhd; 1767689014306; 1767689014307; 16; 9; 14; 6; 1,2,2,2,2,2; 3.2
BronchoscopyVideo_2_20260106T094213_openCV_805.mhd; 1767689014406; 1767689014407; 16; 9; 14; 6; 1,2,2,2,2,2; 3.1
BronchoscopyVideo_2_20260106T094213_openCV_806.mhd; 1767689014506; 1767689014507; 16; 11; 14; 6; 1,2,2,2,2,2; 3
BronchoscopyVideo_2_20260106T094213_openCV_807.mhd; 1767689014606; 1767689014607; 2; 7; 45; 7; 1,2,2,2,2,2,2; 2.7
BronchoscopyVideo_2_20260106T094213_openCV_808.mhd; 1767689014706; 1767689014706; 2; 8; 45; 7; 1,2,2,2,2,2,2; 2.8
BronchoscopyVideo_2_20260106T094213_openCV_809.mhd; 1767689014807; 1767689014806; 2; 8; 45; 7; 1,2,2,2,2,2,2; 2.9
BronchoscopyVideo_2_20260106T094213_openCV_810.mhd; 1767689014906; 1767689014907; 2; 8; 45; 7; 1,2,2,2,2,2,2; 3.5
BronchoscopyVideo_2_20260106T094213_openCV_811.mhd; 1767689015006; 1767689015006; 2; 8; 45; 7; 1,2,2,2,2,2,2; 3.6
BronchoscopyVideo_2_20260106T094213_openCV_812.mhd; 1767689015107; 1767689015106; 2; 9; 45; 7; 1,2,2,2,2,2,2; 4
BronchoscopyVideo_2_20260106T094213_openCV_813.mhd; 1767689015206; 1767689015207; 2; 8; 45; 7; 1,2,2,2,2,2,2; 4.1
BronchoscopyVideo_2_20260106T094213_openCV_814.mhd; 1767689015306; 1767689015306; 2; 9; 45; 7; 1,2,2,2,2,2,2; 3.9
BronchoscopyVideo_2_20260106T094213_openCV_815.mhd; 1767689015407; 1767689015406; 2; 8; 45; 7; 1,2,2,2,2,2,2; 4
BronchoscopyVideo_2_20260106T094213_openCV_816.mhd; 1767689015506; 1767689015506; 2; 5; 45; 7; 1,2,2,2,2,2,2; 2.4
BronchoscopyVideo_2_20260106T094213_openCV_817.mhd; 1767689015606; 1767689015606; 16; 9; 14; 6; 1,2,2,2,2,2; 3.3
BronchoscopyVideo_2_20260106T094213_openCV_818.mhd; 1767689015706; 1767689015705; 16; 8; 14; 6; 1,2,2,2,2,2; 3.6
BronchoscopyVideo_2_20260106T094213_openCV_819.mhd; 1767689015806; 1767689015805; 16; 8; 14; 6; 1,2,2,2,2,2; 3.3
BronchoscopyVideo_2_20260106T094213_openCV_820.mhd; 1767689015906; 1767689015905; 16; 10; 14; 6; 1,2,2,2,2,2; 2.3
BronchoscopyVideo_2_20260106T094213_openCV_821.mhd; 1767689016006; 1767689016005; 16; 12; 14; 6; 1,2,2,2,2,2; 2.3
BronchoscopyVideo_2_20260106T094213_openCV_822.mhd; 1767689016106; 1767689016105; 2; 7; 45; 7; 1,2,2,2,2,2,2; 1.3
BronchoscopyVideo_2_20260106T094213_openCV_823.mhd; 1767689016207; 1767689016205; 2; 8; 45; 7; 1,2,2,2,2,2,2; 1.7
BronchoscopyVideo_2_20260106T094213_openCV_824.mhd; 1767689016306; 1767689016305; 2; 9; 45; 7; 1,2,2,2,2,2,2; 2.4
BronchoscopyVideo_2_20260106T094213_openCV_825.mhd; 1767689016406; 1767689016405; 2; 9; 45; 7; 1,2,2,2,2,2,2; 2.3
BronchoscopyVideo_2_20260106T094213_openCV_826.mhd; 1767689016506; 1767689016505; 2; 11; 45; 7; 1,2,2,2,2,2,2; 3.8
BronchoscopyVideo_2_20260106T094213_openCV_827.mhd; 1767689016606; 1767689016605; 2; 12; 45; 7; 1,2,2,2,2,2,2; 3.8
BronchoscopyVideo_2_20260106T094213_openCV_828.mhd; 1767689016706; 1767689016705; 2; 11; 45; 7; 1,2,2,2,2,2,2; 3.7
BronchoscopyVideo_2_20260106T094213_openCV_829.mhd; 1767689016806; 1767689016805; 2; 9; 45; 7; 1,2,2,2,2,2,2; 3
BronchoscopyVideo_2_20260106T094213_openCV_830.mhd; 1767689016907; 1767689016904; 2; 8; 45; 7; 1,2,2,2,2,2,2; 2.3
BronchoscopyVideo_2_20260106T094213_openCV_831.mhd; 1767689017007; 1767689017005; 2; 7; 45; 7; 1,2,2,2,2,2,2; 2.3
BronchoscopyVideo_2_20260106T094213_openCV_832.mhd; 1767689017106; 1767689017104; 2; 7; 45; 7; 1,2,2,2,2,2,2; 2.7
BronchoscopyVideo_2_20260106T094213_openCV_833.mhd; 1767689017206; 1767689017204; 2; 8; 45; 7; 1,2,2,2,2,2,2; 3.7
BronchoscopyVideo_2_20260106T094213_openCV_834.mhd; 1767689017306; 1767689017304; 2; 8; 45; 7; 1,2,2,2,2,2,2; 4.3
BronchoscopyVideo_2_20260106T094213_openCV_835.mhd; 1767689017406; 1767689017404; 2; 8; 45; 7; 1,2,2,2,2,2,2; 4.7
BronchoscopyVideo_2_20260106T094213_openCV_836.mhd; 1767689017506; 1767689017504; 2; 9; 45; 7; 1,2,2,2,2,2,2; 5
BronchoscopyVideo_2_20260106T094213_openCV_837.mhd; 1767689017606; 1767689017604; 2; 9; 45; 7; 1,2,2,2,2,2,2; 5.5
BronchoscopyVideo_2_20260106T094213_openCV_838.mhd; 1767689017706; 1767689017704; 2; 9; 45; 7; 1,2,2,2,2,2,2; 5.4
BronchoscopyVideo_2_20260106T094213_openCV_839.mhd; 1767689017806; 1767689017804; 2; 9; 45; 7; 1,2,2,2,2,2,2; 4.9
BronchoscopyVideo_2_20260106T094213_openCV_840.mhd; 1767689017907; 1767689017904; 2; 8; 45; 7; 1,2,2,2,2,2,2; 3.9
BronchoscopyVideo_2_20260106T094213_openCV_841.mhd; 1767689018006; 1767689018004; 2; 8; 45; 7; 1,2,2,2,2,2,2; 3.6
BronchoscopyVideo_2_20260106T094213_openCV_842.mhd; 1767689018106; 1767689018104; 2; 8; 45; 7; 1,2,2,2,2,2,2; 3.8
BronchoscopyVideo_2_20260106T094213_openCV_843.mhd; 1767689018206; 1767689018204; 2; 8; 45; 7; 1,2,2,2,2,2,2; 3.5
BronchoscopyVideo_2_20260106T094213_openCV_844.mhd; 1767689018306; 1767689018304; 2; 8; 45; 7; 1,2,2,2,2,2,2; 3.4
BronchoscopyVideo_2_20260106T094213_openCV_845.mhd; 1767689018406; 1767689018404; 2; 8; 45; 7; 1,2,2,2,2,2,2; 3.8
BronchoscopyVideo_2_20260106T094213_openCV_846.mhd; 1767689018506; 1767689018504; 2; 8; 45; 7; 1,2,2,2,2,2,2; 4.8
BronchoscopyVideo_2_20260106T094213_openCV_847.mhd; 1767689018606; 1767689018603; 2; 10; 45; 7; 1,2,2,2,2,2,2; 5.8
BronchoscopyVideo_2_20260106T094213_openCV_848.mhd; 1767689018706; 1767689018702; 33; 7; 29; 7; 1,2,2,2,2,1,2; 5.9
BronchoscopyVideo_2_20260106T094213_openCV_849.mhd; 1767689018806; 1767689018803; 33; 6; 29; 7; 1,2,2,2,2,1,2; 5.9
BronchoscopyVideo_2_20260106T094213_openCV_850.mhd; 1767689018906; 1767689018903; 33; 6; 29; 7; 1,2,2,2,2,1,2; 5.7
BronchoscopyVideo_2_20260106T094213_openCV_851.mhd; 1767689019006; 1767689019003; 2; 9; 45; 7; 1,2,2,2,2,2,2; 5.7
BronchoscopyVideo_2_20260106T094213_openCV_852.mhd; 1767689019106; 1767689019103; 2; 7; 45; 7; 1,2,2,2,2,2,2; 4.4
BronchoscopyVideo_2_20260106T094213_openCV_853.mhd; 1767689019206; 1767689019202; 2; 6; 45; 7; 1,2,2,2,2,2,2; 3.9
BronchoscopyVideo_2_20260106T094213_openCV_854.mhd; 1767689019307; 1767689019302; 2; 6; 45; 7; 1,2,2,2,2,2,2; 3.9
BronchoscopyVideo_2_20260106T094213_openCV_855.mhd; 1767689019406; 1767689019402; 2; 6; 45; 7; 1,2,2,2,2,2,2; 4.4
BronchoscopyVideo_2_20260106T094213_openCV_856.mhd; 1767689019506; 1767689019502; 2; 6; 45; 7; 1,2,2,2,2,2,2; 4.6
BronchoscopyVideo_2_20260106T094213_openCV_857.mhd; 1767689019606; 1767689019602; 2; 7; 45; 7; 1,2,2,2,2,2,2; 5
BronchoscopyVideo_2_20260106T094213_openCV_858.mhd; 1767689019706; 1767689019702; 2; 8; 45; 7; 1,2,2,2,2,2,2; 5.2
BronchoscopyVideo_2_20260106T094213_openCV_859.mhd; 1767689019806; 1767689019802; 2; 8; 45; 7; 1,2,2,2,2,2,2; 4.8
BronchoscopyVideo_2_20260106T094213_openCV_860.mhd; 1767689019906; 1767689019902; 2; 10; 45; 7; 1,2,2,2,2,2,2; 4.4
BronchoscopyVideo_2_20260106T094213_openCV_861.mhd; 1767689020006; 1767689020002; 2; 10; 45; 7; 1,2,2,2,2,2,2; 4.3
BronchoscopyVideo_2_20260106T094213_openCV_862.mhd; 1767689020106; 1767689020102; 2; 11; 45; 7; 1,2,2,2,2,2,2; 4.5
BronchoscopyVideo_2_20260106T094213_openCV_863.mhd; 1767689020206; 1767689020202; 2; 12; 45; 7; 1,2,2,2,2,2,2; 5.3
BronchoscopyVideo_2_20260106T094213_openCV_864.mhd; 1767689020306; 1767689020302; 33; 9; 29; 7; 1,2,2,2,2,1,2; 6.7
BronchoscopyVideo_2_20260106T094213_openCV_865.mhd; 1767689020406; 1767689020402; 33; 11; 29; 7; 1,2,2,2,2,1,2; 6.9
BronchoscopyVideo_2_20260106T094213_openCV_866.mhd; 1767689020506; 1767689020502; 2; 14; 45; 7; 1,2,2,2,2,2,2; 7
BronchoscopyVideo_2_20260106T094213_openCV_867.mhd; 1767689020606; 1767689020602; 2; 11; 45; 7; 1,2,2,2,2,2,2; 5.3
BronchoscopyVideo_2_20260106T094213_openCV_868.mhd; 1767689020706; 1767689020702; 2; 8; 45; 7; 1,2,2,2,2,2,2; 3.2
BronchoscopyVideo_2_20260106T094213_openCV_869.mhd; 1767689020806; 1767689020802; 2; 5; 45; 7; 1,2,2,2,2,2,2; 1.1
BronchoscopyVideo_2_20260106T094213_openCV_870.mhd; 1767689020906; 1767689020902; 2; 3; 45; 7; 1,2,2,2,2,2,2; 0.6
BronchoscopyVideo_2_20260106T094213_openCV_871.mhd; 1767689021007; 1767689021002; 2; 2; 45; 7; 1,2,2,2,2,2,2; 0.4
BronchoscopyVideo_2_20260106T094213_openCV_872.mhd; 1767689021106; 1767689021102; 16; 12; 14; 6; 1,2,2,2,2,2; 0.7
BronchoscopyVideo_2_20260106T094213_openCV_873.mhd; 1767689021207; 1767689021201; 16; 9; 14; 6; 1,2,2,2,2,2; 1.5
BronchoscopyVideo_2_20260106T094213_openCV_874.mhd; 1767689021306; 1767689021301; 16; 6; 14; 6; 1,2,2,2,2,2; 4.6
BronchoscopyVideo_2_20260106T094213_openCV_875.mhd; 1767689021407; 1767689021401; 18; 14; 20; 5; 1,2,2,2,2; 5.1
BronchoscopyVideo_2_20260106T094213_openCV_876.mhd; 1767689021507; 1767689021501; 18; 14; 20; 5; 1,2,2,2,2; 5.1
BronchoscopyVideo_2_20260106T094213_openCV_877.mhd; 1767689021606; 1767689021600; 18; 14; 20; 5; 1,2,2,2,2; 5.2
BronchoscopyVideo_2_20260106T094213_openCV_878.mhd; 1767689021707; 1767689021700; 18; 10; 20; 5; 1,2,2,2,2; 5.3
BronchoscopyVideo_2_20260106T094213_openCV_879.mhd; 1767689021807; 1767689021800; 18; 7; 20; 5; 1,2,2,2,2; 5.3
BronchoscopyVideo_2_20260106T094213_openCV_880.mhd; 1767689021907; 1767689021900; 18; 6; 20; 5; 1,2,2,2,2; 6.2
BronchoscopyVideo_2_20260106T094213_openCV_881.mhd; 1767689022007; 1767689022000; 18; 6; 20; 5; 1,2,2,2,2; 5.9
BronchoscopyVideo_2_20260106T094213_openCV_882.mhd; 1767689022107; 1767689022100; 18; 7; 20; 5; 1,2,2,2,2; 5.3
BronchoscopyVideo_2_20260106T094213_openCV_883.mhd; 1767689022206; 1767689022200; 18; 7; 20; 5; 1,2,2,2,2; 5.6
BronchoscopyVideo_2_20260106T094213_openCV_884.mhd; 1767689022307; 1767689022300; 18; 6; 20; 5; 1,2,2,2,2; 8.4
BronchoscopyVideo_2_20260106T094213_openCV_885.mhd; 1767689022407; 1767689022400; 4; 11; 14; 4; 1,2,2,2; 4.6
BronchoscopyVideo_2_20260106T094213_openCV_886.mhd; 1767689022507; 1767689022500; 4; 9; 14; 4; 1,2,2,2; 4.6
BronchoscopyVideo_2_20260106T094213_openCV_887.mhd; 1767689022607; 1767689022600; 4; 9; 14; 4; 1,2,2,2; 4.7
BronchoscopyVideo_2_20260106T094213_openCV_888.mhd; 1767689022706; 1767689022700; 4; 8; 14; 4; 1,2,2,2; 4.6
BronchoscopyVideo_2_20260106T094213_openCV_889.mhd; 1767689022806; 1767689022800; 4; 6; 14; 4; 1,2,2,2; 4.5
BronchoscopyVideo_2_20260106T094213_openCV_890.mhd; 1767689022906; 1767689022900; 4; 9; 14; 4; 1,2,2,2; 5.3
BronchoscopyVideo_2_20260106T094213_openCV_891.mhd; 1767689023006; 1767689023000; 4; 9; 14; 4; 1,2,2,2; 5.4
BronchoscopyVideo_2_20260106T094213_openCV_892.mhd; 1767689023106; 1767689023100; 4; 12; 14; 4; 1,2,2,2; 5.5
BronchoscopyVideo_2_20260106T094213_openCV_893.mhd; 1767689023206; 1767689023199; 18; 2; 20; 5; 1,2,2,2,2; 5.8
BronchoscopyVideo_2_20260106T094213_openCV_894.mhd; 1767689023306; 1767689023300; 18; 2; 20; 5; 1,2,2,2,2; 5.9
BronchoscopyVideo_2_20260106T094213_openCV_895.mhd; 1767689023406; 1767689023399; 4; 9; 14; 4; 1,2,2,2; 5.4
BronchoscopyVideo_2_20260106T094213_openCV_896.mhd; 1767689023506; 1767689023499; 4; 8; 14; 4; 1,2,2,2; 4.3
BronchoscopyVideo_2_20260106T094213_openCV_897.mhd; 1767689023606; 1767689023599; 4; 9; 14; 4; 1,2,2,2; 4.4
BronchoscopyVideo_2_20260106T094213_openCV_898.mhd; 1767689023706; 1767689023699; 4; 8; 14; 4; 1,2,2,2; 4.7
BronchoscopyVideo_2_20260106T094213_openCV_899.mhd; 1767689023806; 1767689023799; 4; 9; 14; 4; 1,2,2,2; 5
BronchoscopyVideo_2_20260106T094213_openCV_900.mhd; 1767689023907; 1767689023899; 4; 11; 14; 4; 1,2,2,2; 6
BronchoscopyVideo_2_20260106T094213_openCV_901.mhd; 1767689024006; 1767689023999; 18; 2; 20; 5; 1,2,2,2,2; 5.5
BronchoscopyVideo_2_20260106T094213_openCV_902.mhd; 1767689024107; 1767689024099; 18; 4; 20; 5; 1,2,2,2,2; 5.9
BronchoscopyVideo_2_20260106T094213_openCV_903.mhd; 1767689024206; 1767689024199; 18; 6; 20; 5; 1,2,2,2,2; 5.4
BronchoscopyVideo_2_20260106T094213_openCV_904.mhd; 1767689024306; 1767689024299; 18; 8; 20; 5; 1,2,2,2,2; 6.1
BronchoscopyVideo_2_20260106T094213_openCV_905.mhd; 1767689024406; 1767689024399; 18; 9; 20; 5; 1,2,2,2,2; 6.3
BronchoscopyVideo_2_20260106T094213_openCV_906.mhd; 1767689024506; 1767689024499; 18; 6; 20; 5; 1,2,2,2,2; 6
BronchoscopyVideo_2_20260106T094213_openCV_907.mhd; 1767689024606; 1767689024598; 18; 5; 20; 5; 1,2,2,2,2; 6
BronchoscopyVideo_2_20260106T094213_openCV_908.mhd; 1767689024706; 1767689024698; 18; 4; 20; 5; 1,2,2,2,2; 6.5
BronchoscopyVideo_2_20260106T094213_openCV_909.mhd; 1767689024806; 1767689024798; 18; 4; 20; 5; 1,2,2,2,2; 6.3
BronchoscopyVideo_2_20260106T094213_openCV_910.mhd; 1767689024907; 1767689024898; 18; 4; 20; 5; 1,2,2,2,2; 5.8
BronchoscopyVideo_2_20260106T094213_openCV_911.mhd; 1767689025006; 1767689024998; 18; 5; 20; 5; 1,2,2,2,2; 5.5
BronchoscopyVideo_2_20260106T094213_openCV_912.mhd; 1767689025106; 1767689025098; 18; 5; 20; 5; 1,2,2,2,2; 5.2
BronchoscopyVideo_2_20260106T094213_openCV_913.mhd; 1767689025207; 1767689025198; 18; 4; 20; 5; 1,2,2,2,2; 5.1
BronchoscopyVideo_2_20260106T094213_openCV_914.mhd; 1767689025306; 1767689025298; 18; 4; 20; 5; 1,2,2,2,2; 5.1
BronchoscopyVideo_2_20260106T094213_openCV_915.mhd; 1767689025406; 1767689025397; 18; 6; 20; 5; 1,2,2,2,2; 5.2
BronchoscopyVideo_2_20260106T094213_openCV_916.mhd; 1767689025506; 1767689025497; 18; 8; 20; 5; 1,2,2,2,2; 5.6
BronchoscopyVideo_2_20260106T094213_openCV_917.mhd; 1767689025606; 1767689025597; 18; 9; 20; 5; 1,2,2,2,2; 6
BronchoscopyVideo_2_20260106T094213_openCV_918.mhd; 1767689025706; 1767689025697; 18; 10; 20; 5; 1,2,2,2,2; 5.9
BronchoscopyVideo_2_20260106T094213_openCV_919.mhd; 1767689025806; 1767689025797; 18; 10; 20; 5; 1,2,2,2,2; 5.9
BronchoscopyVideo_2_20260106T094213_openCV_920.mhd; 1767689025906; 1767689025897; 18; 10; 20; 5; 1,2,2,2,2; 5.7
BronchoscopyVideo_2_20260106T094213_openCV_921.mhd; 1767689026007; 1767689025997; 18; 11; 20; 5; 1,2,2,2,2; 5.4
BronchoscopyVideo_2_20260106T094213_openCV_922.mhd; 1767689026107; 1767689026097; 18; 11; 20; 5; 1,2,2,2,2; 5.7
BronchoscopyVideo_2_20260106T094213_openCV_923.mhd; 1767689026206; 1767689026197; 18; 11; 20; 5; 1,2,2,2,2; 5.5
BronchoscopyVideo_2_20260106T094213_openCV_924.mhd; 1767689026307; 1767689026297; 18; 11; 20; 5; 1,2,2,2,2; 5.8
BronchoscopyVideo_2_20260106T094213_openCV_925.mhd; 1767689026407; 1767689026397; 18; 11; 20; 5; 1,2,2,2,2; 5.6
BronchoscopyVideo_2_20260106T094213_openCV_926.mhd; 1767689026506; 1767689026497; 18; 11; 20; 5; 1,2,2,2,2; 5.8
BronchoscopyVideo_2_20260106T094213_openCV_927.mhd; 1767689026606; 1767689026597; 18; 9; 20; 5; 1,2,2,2,2; 5.9
BronchoscopyVideo_2_20260106T094213_openCV_928.mhd; 1767689026706; 1767689026697; 18; 8; 20; 5; 1,2,2,2,2; 5.9
BronchoscopyVideo_2_20260106T094213_openCV_929.mhd; 1767689026806; 1767689026797; 18; 8; 20; 5; 1,2,2,2,2; 5.5
BronchoscopyVideo_2_20260106T094213_openCV_930.mhd; 1767689026907; 1767689026897; 18; 7; 20; 5; 1,2,2,2,2; 5
BronchoscopyVideo_2_20260106T094213_openCV_931.mhd; 1767689027007; 1767689026996; 18; 7; 20; 5; 1,2,2,2,2; 4.5
BronchoscopyVideo_2_20260106T094213_openCV_932.mhd; 1767689027106; 1767689027096; 18; 3; 20; 5; 1,2,2,2,2; 4.2
BronchoscopyVideo_2_20260106T094213_openCV_933.mhd; 1767689027207; 1767689027197; 4; 10; 14; 4; 1,2,2,2; 3.6
BronchoscopyVideo_2_20260106T094213_openCV_934.mhd; 1767689027306; 1767689027296; 4; 8; 14; 4; 1,2,2,2; 3.2
BronchoscopyVideo_2_20260106T094213_openCV_935.mhd; 1767689027407; 1767689027396; 4; 4; 14; 4; 1,2,2,2; 2.7
BronchoscopyVideo_2_20260106T094213_openCV_936.mhd; 1767689027506; 1767689027496; 6; 37; 38; 3; 1,2,2; 3.2
BronchoscopyVideo_2_20260106T094213_openCV_937.mhd; 1767689027607; 1767689027595; 6; 35; 38; 3; 1,2,2; 3.1
BronchoscopyVideo_2_20260106T094213_openCV_938.mhd; 1767689027706; 1767689027695; 6; 33; 38; 3; 1,2,2; 3
BronchoscopyVideo_2_20260106T094213_openCV_939.mhd; 1767689027807; 1767689027795; 6; 30; 38; 3; 1,2,2; 3
BronchoscopyVideo_2_20260106T094213_openCV_940.mhd; 1767689027906; 1767689027896; 6; 26; 38; 3; 1,2,2; 1.2
BronchoscopyVideo_2_20260106T094213_openCV_941.mhd; 1767689028006; 1767689027995; 6; 19; 38; 3; 1,2,2; 4.6
BronchoscopyVideo_2_20260106T094213_openCV_942.mhd; 1767689028106; 1767689028095; 6; 10; 38; 3; 1,2,2; 5.2
BronchoscopyVideo_2_20260106T094213_openCV_943.mhd; 1767689028206; 1767689028196; 6; 5; 38; 3; 1,2,2; 6.3
BronchoscopyVideo_2_20260106T094213_openCV_944.mhd; 1767689028306; 1767689028295; 8; 43; 62; 2; 1,2; 7
BronchoscopyVideo_2_20260106T094213_openCV_945.mhd; 1767689028473; 1767689028470; 8; 28; 62; 2; 1,2; 1
BronchoscopyVideo_2_20260106T094213_openCV_946.mhd; 1767689028573; 1767689028570; 8; 18; 62; 2; 1,2; 6
BronchoscopyVideo_2_20260106T094213_openCV_947.mhd; 1767689028673; 1767689028670; 8; 16; 62; 2; 1,2; 4.4
BronchoscopyVideo_2_20260106T094213_openCV_948.mhd; 1767689028773; 1767689028770; 8; 19; 62; 2; 1,2; 3.8
BronchoscopyVideo_2_20260106T094213_openCV_949.mhd; 1767689028873; 1767689028870; 0; 141; 144; 1; 1; 1.2
BronchoscopyVideo_2_20260106T094213_openCV_950.mhd; 1767689028973; 1767689028970; 0; 138; 144; 1; 1; 4.7
BronchoscopyVideo_2_20260106T094213_openCV_951.mhd; 1767689029073; 1767689029070; 0; 135; 144; 1; 1; 5.5
BronchoscopyVideo_2_20260106T094213_openCV_952.mhd; 1767689029173; 1767689029169; 0; 128; 144; 1; 1; 8.6
BronchoscopyVideo_2_20260106T094213_openCV_953.mhd; 1767689029273; 1767689029270; 0; 130; 144; 1; 1; 3.1
BronchoscopyVideo_2_20260106T094213_openCV_954.mhd; 1767689029373; 1767689029369; 0; 124; 144; 1; 1; 2.4
BronchoscopyVideo_2_20260106T094213_openCV_955.mhd; 1767689029473; 1767689029469; 0; 121; 144; 1; 1; 4.7
BronchoscopyVideo_2_20260106T094213_openCV_956.mhd; 1767689029573; 1767689029569; 0; 131; 144; 1; 1; 2.7
BronchoscopyVideo_2_20260106T094213_openCV_957.mhd; 1767689029673; 1767689029669; 0; 136; 144; 1; 1; 6.2
BronchoscopyVideo_2_20260106T094213_openCV_958.mhd; 1767689029773; 1767689029769; 0; 136; 144; 1; 1; 7.6
BronchoscopyVideo_2_20260106T094213_openCV_959.mhd; 1767689029873; 1767689029869; 0; 136; 144; 1; 1; 7.8
BronchoscopyVideo_2_20260106T094213_openCV_960.mhd; 1767689029973; 1767689029969; 0; 132; 144; 1; 1; 5.3
BronchoscopyVideo_2_20260106T094213_openCV_961.mhd; 1767689030073; 1767689030069; 0; 132; 144; 1; 1; 3.9
BronchoscopyVideo_2_20260106T094213_openCV_962.mhd; 1767689030173; 1767689030169; 0; 130; 144; 1; 1; 3.7
BronchoscopyVideo_2_20260106T094213_openCV_963.mhd; 1767689030273; 1767689030269; 0; 130; 144; 1; 1; 3.3
BronchoscopyVideo_2_20260106T094213_openCV_964.mhd; 1767689030373; 1767689030394; 0; 130; 144; 1; 1; 6.4
BronchoscopyVideo_2_20260106T094213_openCV_965.mhd; 1767689030473; 1767689030519; 0; 129; 144; 1; 1; 11.5
BronchoscopyVideo_2_20260106T094213_openCV_966.mhd; 1767689030573; 1767689030569; 0; 142; 144; 1; 1; 5.4
BronchoscopyVideo_2_20260106T094213_openCV_967.mhd; 1767689030673; 1767689030669; 0; 138; 144; 1; 1; 3.5
BronchoscopyVideo_2_20260106T094213_openCV_968.mhd; 1767689030773; 1767689030769; 0; 136; 144; 1; 1; 3.6
BronchoscopyVideo_2_20260106T094213_openCV_969.mhd; 1767689030873; 1767689030868; 0; 136; 144; 1; 1; 4
BronchoscopyVideo_2_20260106T094213_openCV_970.mhd; 1767689030973; 1767689030968; 0; 135; 144; 1; 1; 4.1
BronchoscopyVideo_2_20260106T094213_openCV_971.mhd; 1767689031073; 1767689031068; 0; 135; 144; 1; 1; 3.4
BronchoscopyVideo_2_20260106T094213_openCV_972.mhd; 1767689031173; 1767689031168; 0; 132; 144; 1; 1; 4.8
BronchoscopyVideo_2_20260106T094213_openCV_973.mhd; 1767689031273; 1767689031268; 0; 129; 144; 1; 1; 5.1
BronchoscopyVideo_2_20260106T094213_openCV_974.mhd; 1767689031373; 1767689031367; 0; 128; 144; 1; 1; 5.3
BronchoscopyVideo_2_20260106T094213_openCV_975.mhd; 1767689031473; 1767689031467; 0; 129; 144; 1; 1; 4.6
BronchoscopyVideo_2_20260106T094213_openCV_976.mhd; 1767689031573; 1767689031567; 0; 131; 144; 1; 1; 4.2
BronchoscopyVideo_2_20260106T094213_openCV_977.mhd; 1767689031673; 1767689031667; 0; 133; 144; 1; 1; 3.4
BronchoscopyVideo_2_20260106T094213_openCV_978.mhd; 1767689031773; 1767689031767; 0; 135; 144; 1; 1; 3.2
BronchoscopyVideo_2_20260106T094213_openCV_979.mhd; 1767689031874; 1767689031867; 0; 138; 144; 1; 1; 3.5
BronchoscopyVideo_2_20260106T094213_openCV_980.mhd; 1767689031973; 1767689031967; 7; 3; 112; 2; 1,1; 4.6
BronchoscopyVideo_2_20260106T094213_openCV_981.mhd; 1767689032073; 1767689032067; 7; 4; 112; 2; 1,1; 5.7
BronchoscopyVideo_2_20260106T094213_openCV_982.mhd; 1767689032173; 1767689032167; 7; 8; 112; 2; 1,1; 6.8
BronchoscopyVideo_2_20260106T094213_openCV_983.mhd; 1767689032273; 1767689032267; 7; 12; 112; 2; 1,1; 6.2
BronchoscopyVideo_2_20260106T094213_openCV_984.mhd; 1767689032373; 1767689032367; 7; 13; 112; 2; 1,1; 5.2
BronchoscopyVideo_2_20260106T094213_openCV_985.mhd; 1767689032473; 1767689032467; 7; 17; 112; 2; 1,1; 3.8
BronchoscopyVideo_2_20260106T094213_openCV_986.mhd; 1767689032573; 1767689032567; 7; 21; 112; 2; 1,1; 2.3
BronchoscopyVideo_2_20260106T094213_openCV_987.mhd; 1767689032673; 1767689032667; 7; 26; 112; 2; 1,1; 1.9
BronchoscopyVideo_2_20260106T094213_openCV_988.mhd; 1767689032773; 1767689032767; 7; 29; 112; 2; 1,1; 2.3
BronchoscopyVideo_2_20260106T094213_openCV_989.mhd; 1767689032873; 1767689032867; 7; 32; 112; 2; 1,1; 2.6
BronchoscopyVideo_2_20260106T094213_openCV_990.mhd; 1767689032973; 1767689032967; 7; 35; 112; 2; 1,1; 2.6
BronchoscopyVideo_2_20260106T094213_openCV_991.mhd; 1767689033073; 1767689033067; 7; 38; 112; 2; 1,1; 3.1
BronchoscopyVideo_2_20260106T094213_openCV_992.mhd; 1767689033173; 1767689033166; 7; 39; 112; 2; 1,1; 3.1
BronchoscopyVideo_2_20260106T094213_openCV_993.mhd; 1767689033273; 1767689033267; 7; 40; 112; 2; 1,1; 2.9
BronchoscopyVideo_2_20260106T094213_openCV_994.mhd; 1767689033373; 1767689033366; 7; 46; 112; 2; 1,1; 2.5
BronchoscopyVideo_2_20260106T094213_openCV_995.mhd; 1767689033473; 1767689033466; 7; 55; 112; 2; 1,1; 2.7
BronchoscopyVideo_2_20260106T094213_openCV_996.mhd; 1767689033573; 1767689033566; 7; 63; 112; 2; 1,1; 2.1
BronchoscopyVideo_2_20260106T094213_openCV_997.mhd; 1767689033673; 1767689033665; 7; 67; 112; 2; 1,1; 1.6
BronchoscopyVideo_2_20260106T094213_openCV_998.mhd; 1767689033773; 1767689033765; 7; 67; 112; 2; 1,1; 1.3
BronchoscopyVideo_2_20260106T094213_openCV_999.mhd; 1767689033874; 1767689033865; 7; 65; 112; 2; 1,1; 3
BronchoscopyVideo_2_20260106T094213_openCV_1000.mhd; 1767689033973; 1767689033965; 7; 73; 112; 2; 1,1; 5.2
BronchoscopyVideo_2_20260106T094213_openCV_1001.mhd; 1767689034073; 1767689034065; 7; 82; 112; 2; 1,1; 5.9
BronchoscopyVideo_2_20260106T094213_openCV_1002.mhd; 1767689034173; 1767689034165; 7; 91; 112; 2; 1,1; 9.6
BronchoscopyVideo_2_20260106T094213_openCV_1003.mhd; 1767689034273; 1767689034265; 7; 95; 112; 2; 1,1; 12.5
BronchoscopyVideo_2_20260106T094213_openCV_1004.mhd; 1767689034374; 1767689034365; 7; 92; 112; 2; 1,1; 9.3
BronchoscopyVideo_2_20260106T094213_openCV_1005.mhd; 1767689034473; 1767689034465; 7; 89; 112; 2; 1,1; 6.8
BronchoscopyVideo_2_20260106T094213_openCV_1006.mhd; 1767689034573; 1767689034565; 7; 92; 112; 2; 1,1; 11.5
BronchoscopyVideo_2_20260106T094213_openCV_1007.mhd; 1767689034673; 1767689034665; 7; 95; 112; 2; 1,1; 13.5
BronchoscopyVideo_2_20260106T094213_openCV_1008.mhd; 1767689034773; 1767689034765; 7; 95; 112; 2; 1,1; 13.4
BronchoscopyVideo_2_20260106T094213_openCV_1009.mhd; 1767689034873; 1767689034865; 7; 91; 112; 2; 1,1; 8.7
BronchoscopyVideo_2_20260106T094213_openCV_1010.mhd; 1767689034973; 1767689034965; 7; 88; 112; 2; 1,1; 6.8
BronchoscopyVideo_2_20260106T094213_openCV_1011.mhd; 1767689035073; 1767689035065; 7; 85; 112; 2; 1,1; 6.7
BronchoscopyVideo_2_20260106T094213_openCV_1012.mhd; 1767689035173; 1767689035165; 7; 91; 112; 2; 1,1; 9.7
BronchoscopyVideo_2_20260106T094213_openCV_1013.mhd; 1767689035273; 1767689035265; 7; 92; 112; 2; 1,1; 10.2
BronchoscopyVideo_2_20260106T094213_openCV_1014.mhd; 1767689035373; 1767689035365; 7; 88; 112; 2; 1,1; 5.4
BronchoscopyVideo_2_20260106T094213_openCV_1015.mhd; 1767689035473; 1767689035465; 7; 86; 112; 2; 1,1; 6.1
BronchoscopyVideo_2_20260106T094213_openCV_1016.mhd; 1767689035573; 1767689035564; 7; 87; 112; 2; 1,1; 6.4
BronchoscopyVideo_2_20260106T094213_openCV_1017.mhd; 1767689035673; 1767689035665; 7; 90; 112; 2; 1,1; 7.3
BronchoscopyVideo_2_20260106T094213_openCV_1018.mhd; 1767689035773; 1767689035764; 7; 95; 112; 2; 1,1; 8.3
BronchoscopyVideo_2_20260106T094213_openCV_1019.mhd; 1767689035873; 1767689035864; 7; 99; 112; 2; 1,1; 8.7
BronchoscopyVideo_2_20260106T094213_openCV_1020.mhd; 1767689035973; 1767689035964; 23; 11; 24; 3; 1,1,1; 9.7
BronchoscopyVideo_2_20260106T094213_openCV_1021.mhd; 1767689036073; 1767689036064; 23; 12; 24; 3; 1,1,1; 8.8
BronchoscopyVideo_2_20260106T094213_openCV_1022.mhd; 1767689036173; 1767689036164; 95; 3; 19; 5; 1,1,1,1,1; 6.2
BronchoscopyVideo_2_20260106T094213_openCV_1023.mhd; 1767689036273; 1767689036264; 95; 4; 19; 5; 1,1,1,1,1; 3.9
BronchoscopyVideo_2_20260106T094213_openCV_1024.mhd; 1767689036373; 1767689036364; 95; 9; 19; 5; 1,1,1,1,1; 5.4
BronchoscopyVideo_2_20260106T094213_openCV_1025.mhd; 1767689036473; 1767689036464; 95; 10; 19; 5; 1,1,1,1,1; 2.1
BronchoscopyVideo_2_20260106T094213_openCV_1026.mhd; 1767689036573; 1767689036563; 95; 11; 19; 5; 1,1,1,1,1; 2.6
BronchoscopyVideo_2_20260106T094213_openCV_1027.mhd; 1767689036673; 1767689036664; 95; 10; 19; 5; 1,1,1,1,1; 4.7
BronchoscopyVideo_2_20260106T094213_openCV_1028.mhd; 1767689036773; 1767689036763; 95; 10; 19; 5; 1,1,1,1,1; 5.3
BronchoscopyVideo_2_20260106T094213_openCV_1029.mhd; 1767689036873; 1767689036863; 95; 8; 19; 5; 1,1,1,1,1; 2.8
BronchoscopyVideo_2_20260106T094213_openCV_1030.mhd; 1767689036973; 1767689036963; 95; 8; 19; 5; 1,1,1,1,1; 1.1
BronchoscopyVideo_2_20260106T094213_openCV_1031.mhd; 1767689037073; 1767689037064; 95; 10; 19; 5; 1,1,1,1,1; 2.1
BronchoscopyVideo_2_20260106T094213_openCV_1032.mhd; 1767689037173; 1767689037163; 95; 11; 19; 5; 1,1,1,1,1; 2.3
BronchoscopyVideo_2_20260106T094213_openCV_1033.mhd; 1767689037273; 1767689037263; 95; 11; 19; 5; 1,1,1,1,1; 2.8
BronchoscopyVideo_2_20260106T094213_openCV_1034.mhd; 1767689037373; 1767689037363; 95; 10; 19; 5; 1,1,1,1,1; 3.9
BronchoscopyVideo_2_20260106T094213_openCV_1035.mhd; 1767689037473; 1767689037463; 95; 9; 19; 5; 1,1,1,1,1; 8
BronchoscopyVideo_2_20260106T094213_openCV_1036.mhd; 1767689037573; 1767689037562; 95; 7; 19; 5; 1,1,1,1,1; 11.8
BronchoscopyVideo_2_20260106T094213_openCV_1037.mhd; 1767689037673; 1767689037662; 52; 7; 19; 4; 1,1,1,2; 12.6
BronchoscopyVideo_2_20260106T094213_openCV_1038.mhd; 1767689037773; 1767689037762; 52; 9; 19; 4; 1,1,1,2; 10.3
BronchoscopyVideo_2_20260106T094213_openCV_1039.mhd; 1767689037873; 1767689037862; 52; 10; 19; 4; 1,1,1,2; 8.2
BronchoscopyVideo_2_20260106T094213_openCV_1040.mhd; 1767689037973; 1767689037962; 52; 10; 19; 4; 1,1,1,2; 6.7
BronchoscopyVideo_2_20260106T094213_openCV_1041.mhd; 1767689038073; 1767689038062; 52; 10; 19; 4; 1,1,1,2; 6.9
BronchoscopyVideo_2_20260106T094213_openCV_1042.mhd; 1767689038174; 1767689038162; 52; 9; 19; 4; 1,1,1,2; 7.8
BronchoscopyVideo_2_20260106T094213_openCV_1043.mhd; 1767689038273; 1767689038262; 52; 9; 19; 4; 1,1,1,2; 8.1
BronchoscopyVideo_2_20260106T094213_openCV_1044.mhd; 1767689038373; 1767689038362; 52; 7; 19; 4; 1,1,1,2; 8.8
BronchoscopyVideo_2_20260106T094213_openCV_1045.mhd; 1767689038473; 1767689038462; 52; 7; 19; 4; 1,1,1,2; 8.2
BronchoscopyVideo_2_20260106T094213_openCV_1046.mhd; 1767689038573; 1767689038562; 23; 21; 24; 3; 1,1,1; 3.5
BronchoscopyVideo_2_20260106T094213_openCV_1047.mhd; 1767689038673; 1767689038662; 23; 22; 24; 3; 1,1,1; 2.1
BronchoscopyVideo_2_20260106T094213_openCV_1048.mhd; 1767689038773; 1767689038762; 23; 22; 24; 3; 1,1,1; 3.4
BronchoscopyVideo_2_20260106T094213_openCV_1049.mhd; 1767689038873; 1767689038862; 23; 21; 24; 3; 1,1,1; 4.8
BronchoscopyVideo_2_20260106T094213_openCV_1050.mhd; 1767689038973; 1767689038962; 23; 20; 24; 3; 1,1,1; 4.1
BronchoscopyVideo_2_20260106T094213_openCV_1051.mhd; 1767689039073; 1767689039062; 23; 21; 24; 3; 1,1,1; 4.6
BronchoscopyVideo_2_20260106T094213_openCV_1052.mhd; 1767689039173; 1767689039162; 51; 4; 7; 4; 1,1,1,1; 5.5
BronchoscopyVideo_2_20260106T094213_openCV_1053.mhd; 1767689039273; 1767689039262; 51; 4; 7; 4; 1,1,1,1; 3.6
BronchoscopyVideo_2_20260106T094213_openCV_1054.mhd; 1767689039373; 1767689039361; 51; 5; 7; 4; 1,1,1,1; 2.7
BronchoscopyVideo_2_20260106T094213_openCV_1055.mhd; 1767689039473; 1767689039461; 95; 5; 19; 5; 1,1,1,1,1; 2.3
BronchoscopyVideo_2_20260106T094213_openCV_1056.mhd; 1767689039573; 1767689039561; 96; 6; 15; 5; 1,1,1,1,2; 1.5
BronchoscopyVideo_2_20260106T094213_openCV_1057.mhd; 1767689039673; 1767689039661; 96; 5; 15; 5; 1,1,1,1,2; 0.9
BronchoscopyVideo_2_20260106T094213_openCV_1058.mhd; 1767689039773; 1767689039785; 95; 5; 19; 5; 1,1,1,1,1; 1
BronchoscopyVideo_2_20260106T094213_openCV_1059.mhd; 1767689039873; 1767689039861; 95; 5; 19; 5; 1,1,1,1,1; 0.8
BronchoscopyVideo_2_20260106T094213_openCV_1060.mhd; 1767689039973; 1767689039985; 95; 5; 19; 5; 1,1,1,1,1; 0.5
BronchoscopyVideo_2_20260106T094213_openCV_1061.mhd; 1767689040073; 1767689040085; 95; 6; 19; 5; 1,1,1,1,1; 1.2
BronchoscopyVideo_2_20260106T094213_openCV_1062.mhd; 1767689040173; 1767689040185; 95; 5; 19; 5; 1,1,1,1,1; 3.3
BronchoscopyVideo_2_20260106T094213_openCV_1063.mhd; 1767689040273; 1767689040285; 95; 4; 19; 5; 1,1,1,1,1; 4.5
BronchoscopyVideo_2_20260106T094213_openCV_1064.mhd; 1767689040373; 1767689040385; 95; 4; 19; 5; 1,1,1,1,1; 4.9
BronchoscopyVideo_2_20260106T094213_openCV_1065.mhd; 1767689040473; 1767689040485; 95; 5; 19; 5; 1,1,1,1,1; 5.4
BronchoscopyVideo_2_20260106T094213_openCV_1066.mhd; 1767689040573; 1767689040585; 95; 5; 19; 5; 1,1,1,1,1; 5.8
BronchoscopyVideo_2_20260106T094213_openCV_1067.mhd; 1767689040674; 1767689040685; 95; 5; 19; 5; 1,1,1,1,1; 6.2
BronchoscopyVideo_2_20260106T094213_openCV_1068.mhd; 1767689040773; 1767689040785; 95; 5; 19; 5; 1,1,1,1,1; 6.5
BronchoscopyVideo_2_20260106T094213_openCV_1069.mhd; 1767689040873; 1767689040885; 95; 6; 19; 5; 1,1,1,1,1; 7.1
BronchoscopyVideo_2_20260106T094213_openCV_1070.mhd; 1767689040973; 1767689040985; 95; 7; 19; 5; 1,1,1,1,1; 7
BronchoscopyVideo_2_20260106T094213_openCV_1071.mhd; 1767689041073; 1767689041085; 95; 8; 19; 5; 1,1,1,1,1; 7.8
BronchoscopyVideo_2_20260106T094213_openCV_1072.mhd; 1767689041174; 1767689041185; 95; 8; 19; 5; 1,1,1,1,1; 8.4
BronchoscopyVideo_2_20260106T094213_openCV_1073.mhd; 1767689041273; 1767689041285; 95; 8; 19; 5; 1,1,1,1,1; 9.4
BronchoscopyVideo_2_20260106T094213_openCV_1074.mhd; 1767689041374; 1767689041385; 95; 9; 19; 5; 1,1,1,1,1; 9.1
BronchoscopyVideo_2_20260106T094213_openCV_1075.mhd; 1767689041473; 1767689041485; 95; 9; 19; 5; 1,1,1,1,1; 7.4
BronchoscopyVideo_2_20260106T094213_openCV_1076.mhd; 1767689041573; 1767689041584; 95; 10; 19; 5; 1,1,1,1,1; 4.8
BronchoscopyVideo_2_20260106T094213_openCV_1077.mhd; 1767689041673; 1767689041684; 95; 11; 19; 5; 1,1,1,1,1; 4.4
BronchoscopyVideo_2_20260106T094213_openCV_1078.mhd; 1767689041773; 1767689041784; 95; 12; 19; 5; 1,1,1,1,1; 5.1
BronchoscopyVideo_2_20260106T094213_openCV_1079.mhd; 1767689041873; 1767689041884; 95; 13; 19; 5; 1,1,1,1,1; 5.9
BronchoscopyVideo_2_20260106T094213_openCV_1080.mhd; 1767689041973; 1767689041984; 95; 12; 19; 5; 1,1,1,1,1; 7.1
BronchoscopyVideo_2_20260106T094213_openCV_1081.mhd; 1767689042073; 1767689042084; 95; 11; 19; 5; 1,1,1,1,1; 8.7
BronchoscopyVideo_2_20260106T094213_openCV_1082.mhd; 1767689042173; 1767689042184; 23; 14; 24; 3; 1,1,1; 12.1
BronchoscopyVideo_2_20260106T094213_openCV_1083.mhd; 1767689042273; 1767689042284; 7; 97; 112; 2; 1,1; 10.9
BronchoscopyVideo_2_20260106T094213_openCV_1084.mhd; 1767689042373; 1767689042384; 23; 12; 24; 3; 1,1,1; 10.2
BronchoscopyVideo_2_20260106T094213_openCV_1085.mhd; 1767689042473; 1767689042484; 23; 13; 24; 3; 1,1,1; 10.2
BronchoscopyVideo_2_20260106T094213_openCV_1086.mhd; 1767689042573; 1767689042583; 23; 12; 24; 3; 1,1,1; 9.9
BronchoscopyVideo_2_20260106T094213_openCV_1087.mhd; 1767689042674; 1767689042683; 23; 15; 24; 3; 1,1,1; 8.8
BronchoscopyVideo_2_20260106T094213_openCV_1088.mhd; 1767689042773; 1767689042784; 95; 3; 19; 5; 1,1,1,1,1; 7.1
BronchoscopyVideo_2_20260106T094213_openCV_1089.mhd; 1767689042873; 1767689042883; 95; 3; 19; 5; 1,1,1,1,1; 7
BronchoscopyVideo_2_20260106T094213_openCV_1090.mhd; 1767689042973; 1767689042983; 23; 19; 24; 3; 1,1,1; 6.5
BronchoscopyVideo_2_20260106T094213_openCV_1091.mhd; 1767689043074; 1767689043083; 23; 14; 24; 3; 1,1,1; 8.1
BronchoscopyVideo_2_20260106T094213_openCV_1092.mhd; 1767689043173; 1767689043183; 23; 12; 24; 3; 1,1,1; 8.4
BronchoscopyVideo_2_20260106T094213_openCV_1093.mhd; 1767689043273; 1767689043283; 7; 102; 112; 2; 1,1; 7.8
BronchoscopyVideo_2_20260106T094213_openCV_1094.mhd; 1767689043373; 1767689043383; 7; 103; 112; 2; 1,1; 8.7
BronchoscopyVideo_2_20260106T094213_openCV_1095.mhd; 1767689043473; 1767689043483; 23; 10; 24; 3; 1,1,1; 8.6
BronchoscopyVideo_2_20260106T094213_openCV_1096.mhd; 1767689043573; 1767689043583; 23; 10; 24; 3; 1,1,1; 9.1
BronchoscopyVideo_2_20260106T094213_openCV_1097.mhd; 1767689043673; 1767689043682; 23; 10; 24; 3; 1,1,1; 8
BronchoscopyVideo_2_20260106T094213_openCV_1098.mhd; 1767689043773; 1767689043782; 23; 10; 24; 3; 1,1,1; 8
BronchoscopyVideo_2_20260106T094213_openCV_1099.mhd; 1767689043874; 1767689043882; 23; 14; 24; 3; 1,1,1; 8.5
BronchoscopyVideo_2_20260106T094213_openCV_1100.mhd; 1767689043973; 1767689043982; 23; 13; 24; 3; 1,1,1; 8.9
BronchoscopyVideo_2_20260106T094213_openCV_1101.mhd; 1767689044073; 1767689044082; 23; 15; 24; 3; 1,1,1; 9.2
BronchoscopyVideo_2_20260106T094213_openCV_1102.mhd; 1767689044173; 1767689044182; 23; 18; 24; 3; 1,1,1; 7.3
BronchoscopyVideo_2_20260106T094213_openCV_1103.mhd; 1767689044273; 1767689044282; 95; 2; 19; 5; 1,1,1,1,1; 5.7
BronchoscopyVideo_2_20260106T094213_openCV_1104.mhd; 1767689044373; 1767689044382; 95; 2; 19; 5; 1,1,1,1,1; 5.3
BronchoscopyVideo_2_20260106T094213_openCV_1105.mhd; 1767689044473; 1767689044482; 23; 18; 24; 3; 1,1,1; 6.1
BronchoscopyVideo_2_20260106T094213_openCV_1106.mhd; 1767689044573; 1767689044582; 23; 16; 24; 3; 1,1,1; 7
BronchoscopyVideo_2_20260106T094213_openCV_1107.mhd; 1767689044673; 1767689044682; 23; 16; 24; 3; 1,1,1; 6.7
BronchoscopyVideo_2_20260106T094213_openCV_1108.mhd; 1767689044773; 1767689044782; 23; 15; 24; 3; 1,1,1; 6.4
BronchoscopyVideo_2_20260106T094213_openCV_1109.mhd; 1767689044873; 1767689044882; 23; 17; 24; 3; 1,1,1; 5.5
BronchoscopyVideo_2_20260106T094213_openCV_1110.mhd; 1767689044973; 1767689044982; 23; 17; 24; 3; 1,1,1; 4.4
BronchoscopyVideo_2_20260106T094213_openCV_1111.mhd; 1767689045073; 1767689045082; 51; 5; 7; 4; 1,1,1,1; 2.7
BronchoscopyVideo_2_20260106T094213_openCV_1112.mhd; 1767689045173; 1767689045181; 51; 5; 7; 4; 1,1,1,1; 0.9
BronchoscopyVideo_2_20260106T094213_openCV_1113.mhd; 1767689045273; 1767689045282; 51; 4; 7; 4; 1,1,1,1; 1.6
BronchoscopyVideo_2_20260106T094213_openCV_1114.mhd; 1767689045440; 1767689045431; 51; 3; 7; 4; 1,1,1,1; 1.1
BronchoscopyVideo_2_20260106T094213_openCV_1115.mhd; 1767689045540; 1767689045530; 51; 3; 7; 4; 1,1,1,1; 2.1
BronchoscopyVideo_2_20260106T094213_openCV_1116.mhd; 1767689045640; 1767689045631; 51; 4; 7; 4; 1,1,1,1; 3.4
BronchoscopyVideo_2_20260106T094213_openCV_1117.mhd; 1767689045740; 1767689045731; 23; 20; 24; 3; 1,1,1; 5.3
BronchoscopyVideo_2_20260106T094213_openCV_1118.mhd; 1767689045840; 1767689045831; 23; 15; 24; 3; 1,1,1; 7.2
BronchoscopyVideo_2_20260106T094213_openCV_1119.mhd; 1767689045940; 1767689045931; 23; 15; 24; 3; 1,1,1; 5.8
BronchoscopyVideo_2_20260106T094213_openCV_1120.mhd; 1767689046040; 1767689046031; 23; 17; 24; 3; 1,1,1; 6.1
BronchoscopyVideo_2_20260106T094213_openCV_1121.mhd; 1767689046140; 1767689046131; 23; 17; 24; 3; 1,1,1; 6.1
BronchoscopyVideo_2_20260106T094213_openCV_1122.mhd; 1767689046240; 1767689046230; 23; 17; 24; 3; 1,1,1; 5.7
BronchoscopyVideo_2_20260106T094213_openCV_1123.mhd; 1767689046340; 1767689046330; 23; 16; 24; 3; 1,1,1; 5.9
BronchoscopyVideo_2_20260106T094213_openCV_1124.mhd; 1767689046440; 1767689046431; 23; 16; 24; 3; 1,1,1; 6.1
BronchoscopyVideo_2_20260106T094213_openCV_1125.mhd; 1767689046540; 1767689046530; 23; 16; 24; 3; 1,1,1; 5.4
BronchoscopyVideo_2_20260106T094213_openCV_1126.mhd; 1767689046640; 1767689046630; 23; 17; 24; 3; 1,1,1; 6.1
BronchoscopyVideo_2_20260106T094213_openCV_1127.mhd; 1767689046740; 1767689046730; 23; 17; 24; 3; 1,1,1; 4.8
BronchoscopyVideo_2_20260106T094213_openCV_1128.mhd; 1767689046840; 1767689046830; 23; 17; 24; 3; 1,1,1; 4.8
BronchoscopyVideo_2_20260106T094213_openCV_1129.mhd; 1767689046940; 1767689046930; 23; 17; 24; 3; 1,1,1; 5.1
BronchoscopyVideo_2_20260106T094213_openCV_1130.mhd; 1767689047040; 1767689047030; 23; 18; 24; 3; 1,1,1; 4.7
BronchoscopyVideo_2_20260106T094213_openCV_1131.mhd; 1767689047140; 1767689047130; 23; 15; 24; 3; 1,1,1; 5.4
BronchoscopyVideo_2_20260106T094213_openCV_1132.mhd; 1767689047240; 1767689047230; 23; 15; 24; 3; 1,1,1; 5.9
BronchoscopyVideo_2_20260106T094213_openCV_1133.mhd; 1767689047340; 1767689047330; 23; 15; 24; 3; 1,1,1; 6.1
BronchoscopyVideo_2_20260106T094213_openCV_1134.mhd; 1767689047440; 1767689047430; 23; 14; 24; 3; 1,1,1; 6.8
BronchoscopyVideo_2_20260106T094213_openCV_1135.mhd; 1767689047540; 1767689047530; 23; 13; 24; 3; 1,1,1; 7.4
BronchoscopyVideo_2_20260106T094213_openCV_1136.mhd; 1767689047640; 1767689047630; 23; 13; 24; 3; 1,1,1; 6.7
BronchoscopyVideo_2_20260106T094213_openCV_1137.mhd; 1767689047740; 1767689047730; 23; 12; 24; 3; 1,1,1; 6.5
BronchoscopyVideo_2_20260106T094213_openCV_1138.mhd; 1767689047840; 1767689047830; 23; 12; 24; 3; 1,1,1; 6.4
BronchoscopyVideo_2_20260106T094213_openCV_1139.mhd; 1767689047940; 1767689047930; 7; 103; 112; 2; 1,1; 5.4
BronchoscopyVideo_2_20260106T094213_openCV_1140.mhd; 1767689048040; 1767689048029; 7; 103; 112; 2; 1,1; 3.8
BronchoscopyVideo_2_20260106T094213_openCV_1141.mhd; 1767689048140; 1767689048128; 7; 104; 112; 2; 1,1; 3.5
BronchoscopyVideo_2_20260106T094213_openCV_1142.mhd; 1767689048240; 1767689048228; 7; 103; 112; 2; 1,1; 3.7
BronchoscopyVideo_2_20260106T094213_openCV_1143.mhd; 1767689048340; 1767689048328; 7; 103; 112; 2; 1,1; 3.6
BronchoscopyVideo_2_20260106T094213_openCV_1144.mhd; 1767689048440; 1767689048428; 7; 99; 112; 2; 1,1; 3
BronchoscopyVideo_2_20260106T094213_openCV_1145.mhd; 1767689048540; 1767689048529; 7; 104; 112; 2; 1,1; 7.3
BronchoscopyVideo_2_20260106T094213_openCV_1146.mhd; 1767689048640; 1767689048629; 7; 86; 112; 2; 1,1; 9.4
BronchoscopyVideo_2_20260106T094213_openCV_1147.mhd; 1767689048740; 1767689048729; 7; 92; 112; 2; 1,1; 9.2
BronchoscopyVideo_2_20260106T094213_openCV_1148.mhd; 1767689048840; 1767689048829; 7; 85; 112; 2; 1,1; 2.4
BronchoscopyVideo_2_20260106T094213_openCV_1149.mhd; 1767689048940; 1767689048928; 7; 100; 112; 2; 1,1; 9.6
BronchoscopyVideo_2_20260106T094213_openCV_1150.mhd; 1767689049040; 1767689049029; 7; 86; 112; 2; 1,1; 4.8
BronchoscopyVideo_2_20260106T094213_openCV_1151.mhd; 1767689049140; 1767689049129; 7; 61; 112; 2; 1,1; 14.4
BronchoscopyVideo_2_20260106T094213_openCV_1152.mhd; 1767689049240; 1767689049278; 7; 99; 112; 2; 1,1; 7.6
BronchoscopyVideo_2_20260106T094213_openCV_1153.mhd; 1767689049340; 1767689049328; 7; 71; 112; 2; 1,1; 15.8
BronchoscopyVideo_2_20260106T094213_openCV_1154.mhd; 1767689049440; 1767689049428; 7; 90; 112; 2; 1,1; 4
BronchoscopyVideo_2_20260106T094213_openCV_1155.mhd; 1767689049540; 1767689049528; 7; 90; 112; 2; 1,1; 4.1
BronchoscopyVideo_2_20260106T094213_openCV_1156.mhd; 1767689049640; 1767689049628; 7; 90; 112; 2; 1,1; 4.5
BronchoscopyVideo_2_20260106T094213_openCV_1157.mhd; 1767689049740; 1767689049728; 7; 91; 112; 2; 1,1; 6.2
BronchoscopyVideo_2_20260106T094213_openCV_1158.mhd; 1767689049840; 1767689049828; 7; 99; 112; 2; 1,1; 11
BronchoscopyVideo_2_20260106T094213_openCV_1159.mhd; 1767689049940; 1767689049928; 7; 99; 112; 2; 1,1; 4.7
BronchoscopyVideo_2_20260106T094213_openCV_1160.mhd; 1767689050040; 1767689050028; 7; 103; 112; 2; 1,1; 3.6
BronchoscopyVideo_2_20260106T094213_openCV_1161.mhd; 1767689050140; 1767689050128; 7; 102; 112; 2; 1,1; 3.5
BronchoscopyVideo_2_20260106T094213_openCV_1162.mhd; 1767689050240; 1767689050252; 7; 100; 112; 2; 1,1; 4
BronchoscopyVideo_2_20260106T094213_openCV_1163.mhd; 1767689050340; 1767689050352; 7; 107; 112; 2; 1,1; 4.1
BronchoscopyVideo_2_20260106T094213_openCV_1164.mhd; 1767689050440; 1767689050452; 7; 111; 112; 2; 1,1; 3.8
BronchoscopyVideo_2_20260106T094213_openCV_1165.mhd; 1767689050540; 1767689050552; 24; 2; 18; 3; 1,1,2; 4.4
BronchoscopyVideo_2_20260106T094213_openCV_1166.mhd; 1767689050706; 1767689050702; 24; 8; 18; 3; 1,1,2; 5.9
BronchoscopyVideo_2_20260106T094213_openCV_1167.mhd; 1767689050806; 1767689050802; 24; 9; 18; 3; 1,1,2; 5.6
BronchoscopyVideo_2_20260106T094213_openCV_1168.mhd; 1767689050906; 1767689050902; 24; 9; 18; 3; 1,1,2; 6.1
BronchoscopyVideo_2_20260106T094213_openCV_1169.mhd; 1767689051006; 1767689051002; 24; 1; 18; 3; 1,1,2; 4.3
BronchoscopyVideo_2_20260106T094213_openCV_1170.mhd; 1767689051107; 1767689051101; 7; 106; 112; 2; 1,1; 4.9
BronchoscopyVideo_2_20260106T094213_openCV_1171.mhd; 1767689051207; 1767689051202; 7; 101; 112; 2; 1,1; 4.6
BronchoscopyVideo_2_20260106T094213_openCV_1172.mhd; 1767689051307; 1767689051302; 7; 100; 112; 2; 1,1; 4.7
BronchoscopyVideo_2_20260106T094213_openCV_1173.mhd; 1767689051407; 1767689051401; 7; 100; 112; 2; 1,1; 3.3
BronchoscopyVideo_2_20260106T094213_openCV_1174.mhd; 1767689051507; 1767689051501; 7; 99; 112; 2; 1,1; 3.5
BronchoscopyVideo_2_20260106T094213_openCV_1175.mhd; 1767689051607; 1767689051602; 7; 104; 112; 2; 1,1; 5.9
BronchoscopyVideo_2_20260106T094213_openCV_1176.mhd; 1767689051706; 1767689051677; 7; 92; 112; 2; 1,1; 3.3
BronchoscopyVideo_2_20260106T094213_openCV_1177.mhd; 1767689051807; 1767689051851; 7; 109; 112; 2; 1,1; 4.4
BronchoscopyVideo_2_20260106T094213_openCV_1178.mhd; 1767689051906; 1767689051901; 7; 109; 112; 2; 1,1; 4.3
BronchoscopyVideo_2_20260106T094213_openCV_1179.mhd; 1767689052007; 1767689052001; 7; 60; 112; 2; 1,1; 20.4
BronchoscopyVideo_2_20260106T094213_openCV_1180.mhd; 1767689052107;-1;-1;-1;-1;-1;-1;-1
BronchoscopyVideo_2_20260106T094213_openCV_1181.mhd; 1767689052207;-1;-1;-1;-1;-1;-1;-1
BronchoscopyVideo_2_20260106T094213_openCV_1182.mhd; 1767689052307; 1767689052325; 7; 96; 112; 2; 1,1; 7.9
BronchoscopyVideo_2_20260106T094213_openCV_1183.mhd; 1767689052407; 1767689052400; 7; 90; 112; 2; 1,1; 4.3
BronchoscopyVideo_2_20260106T094213_openCV_1184.mhd; 1767689052507; 1767689052500; 7; 87; 112; 2; 1,1; 6
BronchoscopyVideo_2_20260106T094213_openCV_1185.mhd; 1767689052607; 1767689052600; 7; 95; 112; 2; 1,1; 6.9
BronchoscopyVideo_2_20260106T094213_openCV_1186.mhd; 1767689052707; 1767689052676; 7; 89; 112; 2; 1,1; 15.4
BronchoscopyVideo_2_20260106T094213_openCV_1187.mhd; 1767689052806;-1;-1;-1;-1;-1;-1;-1
BronchoscopyVideo_2_20260106T094213_openCV_1188.mhd; 1767689052907; 1767689052925; 7; 98; 112; 2; 1,1; 2.3
BronchoscopyVideo_2_20260106T094213_openCV_1189.mhd; 1767689053007; 1767689053000; 7; 97; 112; 2; 1,1; 7.8
BronchoscopyVideo_2_20260106T094213_openCV_1190.mhd; 1767689053106; 1767689053100; 7; 96; 112; 2; 1,1; 3.4
BronchoscopyVideo_2_20260106T094213_openCV_1191.mhd; 1767689053207; 1767689053200; 7; 98; 112; 2; 1,1; 3
BronchoscopyVideo_2_20260106T094213_openCV_1192.mhd; 1767689053307; 1767689053300; 7; 100; 112; 2; 1,1; 2.8
BronchoscopyVideo_2_20260106T094213_openCV_1193.mhd; 1767689053407; 1767689053400; 7; 102; 112; 2; 1,1; 2.7
BronchoscopyVideo_2_20260106T094213_openCV_1194.mhd; 1767689053507; 1767689053500; 7; 106; 112; 2; 1,1; 2.7
BronchoscopyVideo_2_20260106T094213_openCV_1195.mhd; 1767689053607; 1767689053600; 7; 107; 112; 2; 1,1; 2.7
BronchoscopyVideo_2_20260106T094213_openCV_1196.mhd; 1767689053707; 1767689053700; 7; 108; 112; 2; 1,1; 2.9
BronchoscopyVideo_2_20260106T094213_openCV_1197.mhd; 1767689053807; 1767689053800; 7; 108; 112; 2; 1,1; 2.4
BronchoscopyVideo_2_20260106T094213_openCV_1198.mhd; 1767689053907; 1767689053900; 7; 106; 112; 2; 1,1; 2.3
BronchoscopyVideo_2_20260106T094213_openCV_1199.mhd; 1767689054007; 1767689053999; 7; 111; 112; 2; 1,1; 2.2
BronchoscopyVideo_2_20260106T094213_openCV_1200.mhd; 1767689054107; 1767689054099; 24; 2; 18; 3; 1,1,2; 2.7
BronchoscopyVideo_2_20260106T094213_openCV_1201.mhd; 1767689054207; 1767689054200; 24; 3; 18; 3; 1,1,2; 2.1
BronchoscopyVideo_2_20260106T094213_openCV_1202.mhd; 1767689054307; 1767689054298; 24; 7; 18; 3; 1,1,2; 3
BronchoscopyVideo_2_20260106T094213_openCV_1203.mhd; 1767689054407; 1767689054398; 24; 7; 18; 3; 1,1,2; 3.4
BronchoscopyVideo_2_20260106T094213_openCV_1204.mhd; 1767689054507; 1767689054498; 24; 7; 18; 3; 1,1,2; 3.2
BronchoscopyVideo_2_20260106T094213_openCV_1205.mhd; 1767689054607; 1767689054599; 24; 6; 18; 3; 1,1,2; 3
BronchoscopyVideo_2_20260106T094213_openCV_1206.mhd; 1767689054707; 1767689054698; 24; 7; 18; 3; 1,1,2; 3.6
BronchoscopyVideo_2_20260106T094213_openCV_1207.mhd; 1767689054807; 1767689054798; 24; 7; 18; 3; 1,1,2; 3.7
BronchoscopyVideo_2_20260106T094213_openCV_1208.mhd; 1767689054907; 1767689054898; 24; 8; 18; 3; 1,1,2; 4.2
BronchoscopyVideo_2_20260106T094213_openCV_1209.mhd; 1767689055007; 1767689054998; 24; 9; 18; 3; 1,1,2; 3.8
BronchoscopyVideo_2_20260106T094213_openCV_1210.mhd; 1767689055107; 1767689055098; 24; 9; 18; 3; 1,1,2; 3.6
BronchoscopyVideo_2_20260106T094213_openCV_1211.mhd; 1767689055207; 1767689055198; 24; 12; 18; 3; 1,1,2; 4.7
BronchoscopyVideo_2_20260106T094213_openCV_1212.mhd; 1767689055306; 1767689055298; 24; 14; 18; 3; 1,1,2; 5.5
BronchoscopyVideo_2_20260106T094213_openCV_1213.mhd; 1767689055407; 1767689055398; 24; 13; 18; 3; 1,1,2; 5.7
BronchoscopyVideo_2_20260106T094213_openCV_1214.mhd; 1767689055507; 1767689055498; 24; 11; 18; 3; 1,1,2; 5.4
BronchoscopyVideo_2_20260106T094213_openCV_1215.mhd; 1767689055607; 1767689055598; 24; 11; 18; 3; 1,1,2; 5
BronchoscopyVideo_2_20260106T094213_openCV_1216.mhd; 1767689055706; 1767689055698; 24; 10; 18; 3; 1,1,2; 4.5
BronchoscopyVideo_2_20260106T094213_openCV_1217.mhd; 1767689055807; 1767689055798; 24; 6; 18; 3; 1,1,2; 4
BronchoscopyVideo_2_20260106T094213_openCV_1218.mhd; 1767689055907; 1767689055898; 24; 6; 18; 3; 1,1,2; 3.5
BronchoscopyVideo_2_20260106T094213_openCV_1219.mhd; 1767689056007; 1767689055998; 24; 6; 18; 3; 1,1,2; 2.8
BronchoscopyVideo_2_20260106T094213_openCV_1220.mhd; 1767689056107; 1767689056098; 24; 6; 18; 3; 1,1,2; 2.9
BronchoscopyVideo_2_20260106T094213_openCV_1221.mhd; 1767689056207; 1767689056198; 24; 5; 18; 3; 1,1,2; 2.8
BronchoscopyVideo_2_20260106T094213_openCV_1222.mhd; 1767689056307; 1767689056298; 24; 4; 18; 3; 1,1,2; 2.6
BronchoscopyVideo_2_20260106T094213_openCV_1223.mhd; 1767689056407; 1767689056398; 23; 2; 24; 3; 1,1,1; 2.4
BronchoscopyVideo_2_20260106T094213_openCV_1224.mhd; 1767689056506; 1767689056498; 7; 99; 112; 2; 1,1; 12.3
BronchoscopyVideo_2_20260106T094213_openCV_1225.mhd; 1767689056607; 1767689056598; 7; 100; 112; 2; 1,1; 5.1
BronchoscopyVideo_2_20260106T094213_openCV_1226.mhd; 1767689056707; 1767689056697; 7; 95; 112; 2; 1,1; 4.3
BronchoscopyVideo_2_20260106T094213_openCV_1227.mhd; 1767689056807; 1767689056797; 7; 93; 112; 2; 1,1; 1.1
BronchoscopyVideo_2_20260106T094213_openCV_1228.mhd; 1767689056907; 1767689056897; 7; 94; 112; 2; 1,1; 2.4
BronchoscopyVideo_2_20260106T094213_openCV_1229.mhd; 1767689057007; 1767689056996; 7; 95; 112; 2; 1,1; 2.4
BronchoscopyVideo_2_20260106T094213_openCV_1230.mhd; 1767689057106; 1767689057097; 7; 96; 112; 2; 1,1; 2.1
BronchoscopyVideo_2_20260106T094213_openCV_1231.mhd; 1767689057207; 1767689057197; 7; 95; 112; 2; 1,1; 1.8
BronchoscopyVideo_2_20260106T094213_openCV_1232.mhd; 1767689057307; 1767689057297; 24; 6; 18; 3; 1,1,2; 20.7
BronchoscopyVideo_2_20260106T094213_openCV_1233.mhd; 1767689057407; 1767689057397; 7; 107; 112; 2; 1,1; 2.5
BronchoscopyVideo_2_20260106T094213_openCV_1234.mhd; 1767689057506; 1767689057497; 7; 103; 112; 2; 1,1; 7.4
BronchoscopyVideo_2_20260106T094213_openCV_1235.mhd; 1767689057607; 1767689057597; 23; 13; 24; 3; 1,1,1; 5.7
BronchoscopyVideo_2_20260106T094213_openCV_1236.mhd; 1767689057707; 1767689057697; 7; 102; 112; 2; 1,1; 3.4
BronchoscopyVideo_2_20260106T094213_openCV_1237.mhd; 1767689057807; 1767689057796; 7; 102; 112; 2; 1,1; 3
BronchoscopyVideo_2_20260106T094213_openCV_1238.mhd; 1767689057907; 1767689057896; 7; 102; 112; 2; 1,1; 2.4
BronchoscopyVideo_2_20260106T094213_openCV_1239.mhd; 1767689058007; 1767689057996; 7; 104; 112; 2; 1,1; 1.5
BronchoscopyVideo_2_20260106T094213_openCV_1240.mhd; 1767689058107; 1767689058096; 7; 104; 112; 2; 1,1; 1.5
BronchoscopyVideo_2_20260106T094213_openCV_1241.mhd; 1767689058207; 1767689058196; 7; 103; 112; 2; 1,1; 1.3
BronchoscopyVideo_2_20260106T094213_openCV_1242.mhd; 1767689058307; 1767689058296; 7; 104; 112; 2; 1,1; 1.6
BronchoscopyVideo_2_20260106T094213_openCV_1243.mhd; 1767689058407; 1767689058396; 7; 106; 112; 2; 1,1; 1.6
BronchoscopyVideo_2_20260106T094213_openCV_1244.mhd; 1767689058507; 1767689058496; 7; 103; 112; 2; 1,1; 2.9
BronchoscopyVideo_2_20260106T094213_openCV_1245.mhd; 1767689058606; 1767689058596; 7; 101; 112; 2; 1,1; 3.1
BronchoscopyVideo_2_20260106T094213_openCV_1246.mhd; 1767689058707; 1767689058695; 7; 102; 112; 2; 1,1; 2
BronchoscopyVideo_2_20260106T094213_openCV_1247.mhd; 1767689058806; 1767689058795; 7; 104; 112; 2; 1,1; 2
BronchoscopyVideo_2_20260106T094213_openCV_1248.mhd; 1767689058906; 1767689058895; 7; 99; 112; 2; 1,1; 3.7
BronchoscopyVideo_2_20260106T094213_openCV_1249.mhd; 1767689059006; 1767689058995; 7; 100; 112; 2; 1,1; 2.6
BronchoscopyVideo_2_20260106T094213_openCV_1250.mhd; 1767689059107; 1767689059095; 7; 105; 112; 2; 1,1; 1.5
BronchoscopyVideo_2_20260106T094213_openCV_1251.mhd; 1767689059207; 1767689059195; 7; 103; 112; 2; 1,1; 2.2
BronchoscopyVideo_2_20260106T094213_openCV_1252.mhd; 1767689059307; 1767689059295; 7; 106; 112; 2; 1,1; 2.9
BronchoscopyVideo_2_20260106T094213_openCV_1253.mhd; 1767689059407; 1767689059395; 7; 111; 112; 2; 1,1; 2.7
BronchoscopyVideo_2_20260106T094213_openCV_1254.mhd; 1767689059507; 1767689059495; 24; 6; 18; 3; 1,1,2; 3.3
BronchoscopyVideo_2_20260106T094213_openCV_1255.mhd; 1767689059607; 1767689059595; 24; 9; 18; 3; 1,1,2; 0.9
BronchoscopyVideo_2_20260106T094213_openCV_1256.mhd; 1767689059707; 1767689059695; 24; 10; 18; 3; 1,1,2; 1.1
BronchoscopyVideo_2_20260106T094213_openCV_1257.mhd; 1767689059807; 1767689059795; 24; 13; 18; 3; 1,1,2; 1.3
BronchoscopyVideo_2_20260106T094213_openCV_1258.mhd; 1767689059907; 1767689059895; 23; 15; 24; 3; 1,1,1; 6
BronchoscopyVideo_2_20260106T094213_openCV_1259.mhd; 1767689060007; 1767689059995; 24; 10; 18; 3; 1,1,2; 4.1
BronchoscopyVideo_2_20260106T094213_openCV_1260.mhd; 1767689060107; 1767689060095; 23; 9; 24; 3; 1,1,1; 7.1
BronchoscopyVideo_2_20260106T094213_openCV_1261.mhd; 1767689060207; 1767689060195; 23; 1; 24; 3; 1,1,1; 4.1
BronchoscopyVideo_2_20260106T094213_openCV_1262.mhd; 1767689060307; 1767689060295; 23; 3; 24; 3; 1,1,1; 5.8
BronchoscopyVideo_2_20260106T094213_openCV_1263.mhd; 1767689060407; 1767689060395; 53; 11; 31; 4; 1,1,2,1; 7.2
BronchoscopyVideo_2_20260106T094213_openCV_1264.mhd; 1767689060507; 1767689060469; 21; 6; 9; 5; 1,1,2,2,2; 22.3
BronchoscopyVideo_2_20260106T094213_openCV_1265.mhd; 1767689060607; 1767689060595; 24; 9; 18; 3; 1,1,2; 3.5
BronchoscopyVideo_2_20260106T094213_openCV_1266.mhd; 1767689060707; 1767689060695; 7; 103; 112; 2; 1,1; 4.3
BronchoscopyVideo_2_20260106T094213_openCV_1267.mhd; 1767689060807;-1;-1;-1;-1;-1;-1;-1
BronchoscopyVideo_2_20260106T094213_openCV_1268.mhd; 1767689060907;-1;-1;-1;-1;-1;-1;-1
BronchoscopyVideo_2_20260106T094213_openCV_1269.mhd; 1767689061007;-1;-1;-1;-1;-1;-1;-1
BronchoscopyVideo_2_20260106T094213_openCV_1270.mhd; 1767689061107; 1767689061118; 54; 11; 39; 4; 1,1,2,2; 12.8
BronchoscopyVideo_2_20260106T094213_openCV_1271.mhd; 1767689061207; 1767689061219; 21; 5; 9; 5; 1,1,2,2,2; 19.1
BronchoscopyVideo_2_20260106T094213_openCV_1272.mhd; 1767689061307; 1767689061318; 24; 16; 18; 3; 1,1,2; 3.7
BronchoscopyVideo_2_20260106T094213_openCV_1273.mhd; 1767689061407; 1767689061418; 24; 16; 18; 3; 1,1,2; 13.7
BronchoscopyVideo_2_20260106T094213_openCV_1274.mhd; 1767689061507; 1767689061518; 24; 11; 18; 3; 1,1,2; 6.1
BronchoscopyVideo_2_20260106T094213_openCV_1275.mhd; 1767689061607; 1767689061618; 23; 10; 24; 3; 1,1,1; 6.1
BronchoscopyVideo_2_20260106T094213_openCV_1276.mhd; 1767689061707; 1767689061718; 53; 4; 31; 4; 1,1,2,1; 13.9
BronchoscopyVideo_2_20260106T094213_openCV_1277.mhd; 1767689061807; 1767689061818; 24; 12; 18; 3; 1,1,2; 4.8
BronchoscopyVideo_2_20260106T094213_openCV_1278.mhd; 1767689061907; 1767689061918; 24; 11; 18; 3; 1,1,2; 5.7
BronchoscopyVideo_2_20260106T094213_openCV_1279.mhd; 1767689062007; 1767689062018; 24; 8; 18; 3; 1,1,2; 1.8
BronchoscopyVideo_2_20260106T094213_openCV_1280.mhd; 1767689062107; 1767689062118; 24; 18; 18; 3; 1,1,2; 7.5
BronchoscopyVideo_2_20260106T094213_openCV_1281.mhd; 1767689062207; 1767689062218; 24; 10; 18; 3; 1,1,2; 6
BronchoscopyVideo_2_20260106T094213_openCV_1282.mhd; 1767689062307; 1767689062318; 23; 9; 24; 3; 1,1,1; 3.5
BronchoscopyVideo_2_20260106T094213_openCV_1283.mhd; 1767689062407; 1767689062417; 96; 5; 15; 5; 1,1,1,1,2; 10.3
BronchoscopyVideo_2_20260106T094213_openCV_1284.mhd; 1767689062507; 1767689062517; 24; 2; 18; 3; 1,1,2; 1.9
BronchoscopyVideo_2_20260106T094213_openCV_1285.mhd; 1767689062607; 1767689062617; 7; 110; 112; 2; 1,1; 5.9
BronchoscopyVideo_2_20260106T094213_openCV_1286.mhd; 1767689062707; 1767689062717; 24; 6; 18; 3; 1,1,2; 1.8
BronchoscopyVideo_2_20260106T094213_openCV_1287.mhd; 1767689062807; 1767689062817; 24; 3; 18; 3; 1,1,2; 4.9
BronchoscopyVideo_2_20260106T094213_openCV_1288.mhd; 1767689062907; 1767689062917; 24; 9; 18; 3; 1,1,2; 3.5
BronchoscopyVideo_2_20260106T094213_openCV_1289.mhd; 1767689063007; 1767689063017; 54; 1; 39; 4; 1,1,2,2; 2.4
BronchoscopyVideo_2_20260106T094213_openCV_1290.mhd; 1767689063107; 1767689063117; 24; 15; 18; 3; 1,1,2; 2.7
BronchoscopyVideo_2_20260106T094213_openCV_1291.mhd; 1767689063207; 1767689063217; 53; 23; 31; 4; 1,1,2,1; 14.1
BronchoscopyVideo_2_20260106T094213_openCV_1292.mhd; 1767689063307; 1767689063317; 53; 2; 31; 4; 1,1,2,1; 1.2
BronchoscopyVideo_2_20260106T094213_openCV_1293.mhd; 1767689063407; 1767689063392; 53; 7; 31; 4; 1,1,2,1; 3.2
BronchoscopyVideo_2_20260106T094213_openCV_1294.mhd; 1767689063507; 1767689063517; 54; 3; 39; 4; 1,1,2,2; 2.7
BronchoscopyVideo_2_20260106T094213_openCV_1295.mhd; 1767689063607;-1;-1;-1;-1;-1;-1;-1
BronchoscopyVideo_2_20260106T094213_openCV_1296.mhd; 1767689063707;-1;-1;-1;-1;-1;-1;-1
BronchoscopyVideo_2_20260106T094213_openCV_1297.mhd; 1767689063807; 1767689063816; 7; 110; 112; 2; 1,1; 4.3
BronchoscopyVideo_2_20260106T094213_openCV_1298.mhd; 1767689063907; 1767689063916; 7; 109; 112; 2; 1,1; 5
BronchoscopyVideo_2_20260106T094213_openCV_1299.mhd; 1767689064007; 1767689064016; 7; 105; 112; 2; 1,1; 2.7
BronchoscopyVideo_2_20260106T094213_openCV_1300.mhd; 1767689064107; 1767689064116; 7; 105; 112; 2; 1,1; 2.6
BronchoscopyVideo_2_20260106T094213_openCV_1301.mhd; 1767689064207; 1767689064215; 7; 103; 112; 2; 1,1; 2
BronchoscopyVideo_2_20260106T094213_openCV_1302.mhd; 1767689064307; 1767689064316; 7; 104; 112; 2; 1,1; 3.1
BronchoscopyVideo_2_20260106T094213_openCV_1303.mhd; 1767689064407; 1767689064415; 7; 106; 112; 2; 1,1; 3.6
BronchoscopyVideo_2_20260106T094213_openCV_1304.mhd; 1767689064507; 1767689064515; 7; 108; 112; 2; 1,1; 2.8
BronchoscopyVideo_2_20260106T094213_openCV_1305.mhd; 1767689064607; 1767689064641; 7; 106; 112; 2; 1,1; 1.1
BronchoscopyVideo_2_20260106T094213_openCV_1306.mhd; 1767689064707; 1767689064715; 7; 105; 112; 2; 1,1; 2.4
BronchoscopyVideo_2_20260106T094213_openCV_1307.mhd; 1767689064807; 1767689064815; 7; 103; 112; 2; 1,1; 0.9
BronchoscopyVideo_2_20260106T094213_openCV_1308.mhd; 1767689064907; 1767689064915; 7; 107; 112; 2; 1,1; 1.7
BronchoscopyVideo_2_20260106T094213_openCV_1309.mhd; 1767689065007; 1767689065015; 7; 106; 112; 2; 1,1; 3.4
BronchoscopyVideo_2_20260106T094213_openCV_1310.mhd; 1767689065107; 1767689065115; 7; 106; 112; 2; 1,1; 3.4
BronchoscopyVideo_2_20260106T094213_openCV_1311.mhd; 1767689065207; 1767689065215; 7; 106; 112; 2; 1,1; 3.6
BronchoscopyVideo_2_20260106T094213_openCV_1312.mhd; 1767689065307; 1767689065315; 7; 107; 112; 2; 1,1; 4
BronchoscopyVideo_2_20260106T094213_openCV_1313.mhd; 1767689065407; 1767689065415; 7; 109; 112; 2; 1,1; 4
BronchoscopyVideo_2_20260106T094213_openCV_1314.mhd; 1767689065507; 1767689065515; 24; 3; 18; 3; 1,1,2; 4.5
BronchoscopyVideo_2_20260106T094213_openCV_1315.mhd; 1767689065607; 1767689065615; 24; 4; 18; 3; 1,1,2; 4.9
BronchoscopyVideo_2_20260106T094213_openCV_1316.mhd; 1767689065707; 1767689065715; 24; 7; 18; 3; 1,1,2; 5.1
BronchoscopyVideo_2_20260106T094213_openCV_1317.mhd; 1767689065807; 1767689065815; 24; 9; 18; 3; 1,1,2; 6.7
BronchoscopyVideo_2_20260106T094213_openCV_1318.mhd; 1767689065907; 1767689065914; 24; 10; 18; 3; 1,1,2; 7.5
BronchoscopyVideo_2_20260106T094213_openCV_1319.mhd; 1767689066007; 1767689066014; 24; 11; 18; 3; 1,1,2; 7.7
BronchoscopyVideo_2_20260106T094213_openCV_1320.mhd; 1767689066107; 1767689066114; 24; 11; 18; 3; 1,1,2; 7.9
BronchoscopyVideo_2_20260106T094213_openCV_1321.mhd; 1767689066207; 1767689066215; 24; 11; 18; 3; 1,1,2; 7.7
BronchoscopyVideo_2_20260106T094213_openCV_1322.mhd; 1767689066307; 1767689066314; 24; 11; 18; 3; 1,1,2; 8.1
BronchoscopyVideo_2_20260106T094213_openCV_1323.mhd; 1767689066407; 1767689066413; 24; 11; 18; 3; 1,1,2; 7.8
BronchoscopyVideo_2_20260106T094213_openCV_1324.mhd; 1767689066507; 1767689066513; 24; 10; 18; 3; 1,1,2; 8.1
BronchoscopyVideo_2_20260106T094213_openCV_1325.mhd; 1767689066607; 1767689066613; 24; 10; 18; 3; 1,1,2; 8.2
BronchoscopyVideo_2_20260106T094213_openCV_1326.mhd; 1767689066707; 1767689066713; 24; 9; 18; 3; 1,1,2; 8.5
BronchoscopyVideo_2_20260106T094213_openCV_1327.mhd; 1767689066807; 1767689066813; 24; 6; 18; 3; 1,1,2; 9.1
BronchoscopyVideo_2_20260106T094213_openCV_1328.mhd; 1767689066907; 1767689066913; 7; 109; 112; 2; 1,1; 7.1
BronchoscopyVideo_2_20260106T094213_openCV_1329.mhd; 1767689067007; 1767689067013; 7; 108; 112; 2; 1,1; 4.3
BronchoscopyVideo_2_20260106T094213_openCV_1330.mhd; 1767689067107; 1767689067113; 7; 109; 112; 2; 1,1; 2.7
BronchoscopyVideo_2_20260106T094213_openCV_1331.mhd; 1767689067207; 1767689067213; 7; 108; 112; 2; 1,1; 2
BronchoscopyVideo_2_20260106T094213_openCV_1332.mhd; 1767689067307; 1767689067313; 7; 109; 112; 2; 1,1; 2.6
BronchoscopyVideo_2_20260106T094213_openCV_1333.mhd; 1767689067407; 1767689067413; 7; 111; 112; 2; 1,1; 5.5
BronchoscopyVideo_2_20260106T094213_openCV_1334.mhd; 1767689067573; 1767689067563; 24; 3; 18; 3; 1,1,2; 6.5
BronchoscopyVideo_2_20260106T094213_openCV_1335.mhd; 1767689067673; 1767689067663; 24; 5; 18; 3; 1,1,2; 5.9
BronchoscopyVideo_2_20260106T094213_openCV_1336.mhd; 1767689067773; 1767689067763; 24; 4; 18; 3; 1,1,2; 5.6
BronchoscopyVideo_2_20260106T094213_openCV_1337.mhd; 1767689067873; 1767689067863; 24; 3; 18; 3; 1,1,2; 4.8
BronchoscopyVideo_2_20260106T094213_openCV_1338.mhd; 1767689067973; 1767689067963; 7; 109; 112; 2; 1,1; 0.6
BronchoscopyVideo_2_20260106T094213_openCV_1339.mhd; 1767689068073; 1767689068063; 7; 102; 112; 2; 1,1; 4.5
BronchoscopyVideo_2_20260106T094213_openCV_1340.mhd; 1767689068173; 1767689068163; 7; 106; 112; 2; 1,1; 9.9
BronchoscopyVideo_2_20260106T094213_openCV_1341.mhd; 1767689068273; 1767689068263; 24; 1; 18; 3; 1,1,2; 3.9
BronchoscopyVideo_2_20260106T094213_openCV_1342.mhd; 1767689068373; 1767689068363; 23; 1; 24; 3; 1,1,1; 3.3
BronchoscopyVideo_2_20260106T094213_openCV_1343.mhd; 1767689068473; 1767689068463; 24; 15; 18; 3; 1,1,2; 4.3
BronchoscopyVideo_2_20260106T094213_openCV_1344.mhd; 1767689068573; 1767689068563; 54; 6; 39; 4; 1,1,2,2; 3.4
BronchoscopyVideo_2_20260106T094213_openCV_1345.mhd; 1767689068673;-1;-1;-1;-1;-1;-1;-1
BronchoscopyVideo_2_20260106T094213_openCV_1346.mhd; 1767689068773; 1767689068762; 24; 9; 18; 3; 1,1,2; 5.2
BronchoscopyVideo_2_20260106T094213_openCV_1347.mhd; 1767689068873; 1767689068862; 54; 8; 39; 4; 1,1,2,2; 7.3
BronchoscopyVideo_2_20260106T094213_openCV_1348.mhd; 1767689068973; 1767689068963; 23; 8; 24; 3; 1,1,1; 7.5
BronchoscopyVideo_2_20260106T094213_openCV_1349.mhd; 1767689069073; 1767689069062; 24; 15; 18; 3; 1,1,2; 4.2
BronchoscopyVideo_2_20260106T094213_openCV_1350.mhd; 1767689069173; 1767689069162; 53; 6; 31; 4; 1,1,2,1; 5.6
BronchoscopyVideo_2_20260106T094213_openCV_1351.mhd; 1767689069273; 1767689069262; 54; 6; 39; 4; 1,1,2,2; 5.5
BronchoscopyVideo_2_20260106T094213_openCV_1352.mhd; 1767689069374;-1;-1;-1;-1;-1;-1;-1
BronchoscopyVideo_2_20260106T094213_openCV_1353.mhd; 1767689069473;-1;-1;-1;-1;-1;-1;-1
BronchoscopyVideo_2_20260106T094213_openCV_1354.mhd; 1767689069573; 1767689069612; 24; 12; 18; 3; 1,1,2; 4.2
BronchoscopyVideo_2_20260106T094213_openCV_1355.mhd; 1767689069673; 1767689069661; 24; 9; 18; 3; 1,1,2; 5.6
BronchoscopyVideo_2_20260106T094213_openCV_1356.mhd; 1767689069773; 1767689069761; 7; 111; 112; 2; 1,1; 2.1
BronchoscopyVideo_2_20260106T094213_openCV_1357.mhd; 1767689069873; 1767689069861; 7; 107; 112; 2; 1,1; 1.8
BronchoscopyVideo_2_20260106T094213_openCV_1358.mhd; 1767689069973; 1767689069961; 7; 102; 112; 2; 1,1; 1.6
BronchoscopyVideo_2_20260106T094213_openCV_1359.mhd; 1767689070073; 1767689070061; 7; 97; 112; 2; 1,1; 2.5
BronchoscopyVideo_2_20260106T094213_openCV_1360.mhd; 1767689070173; 1767689070161; 7; 94; 112; 2; 1,1; 3
BronchoscopyVideo_2_20260106T094213_openCV_1361.mhd; 1767689070274; 1767689070286; 7; 92; 112; 2; 1,1; 1.1
BronchoscopyVideo_2_20260106T094213_openCV_1362.mhd; 1767689070373; 1767689070361; 7; 87; 112; 2; 1,1; 4.2
BronchoscopyVideo_2_20260106T094213_openCV_1363.mhd; 1767689070473; 1767689070461; 7; 84; 112; 2; 1,1; 3
BronchoscopyVideo_2_20260106T094213_openCV_1364.mhd; 1767689070573; 1767689070561; 7; 80; 112; 2; 1,1; 2.8
BronchoscopyVideo_2_20260106T094213_openCV_1365.mhd; 1767689070673; 1767689070661; 7; 82; 112; 2; 1,1; 2.3
BronchoscopyVideo_2_20260106T094213_openCV_1366.mhd; 1767689070773; 1767689070761; 7; 81; 112; 2; 1,1; 2.1
BronchoscopyVideo_2_20260106T094213_openCV_1367.mhd; 1767689070873; 1767689070861; 7; 91; 112; 2; 1,1; 13.7
BronchoscopyVideo_2_20260106T094213_openCV_1368.mhd; 1767689070973; 1767689070961; 7; 78; 112; 2; 1,1; 3.1
BronchoscopyVideo_2_20260106T094213_openCV_1369.mhd; 1767689071073; 1767689071061; 7; 78; 112; 2; 1,1; 3.3
BronchoscopyVideo_2_20260106T094213_openCV_1370.mhd; 1767689071173; 1767689071185; 7; 80; 112; 2; 1,1; 4.7
BronchoscopyVideo_2_20260106T094213_openCV_1371.mhd; 1767689071273; 1767689071285; 7; 70; 112; 2; 1,1; 7.6
BronchoscopyVideo_2_20260106T094213_openCV_1372.mhd; 1767689071373; 1767689071385; 7; 85; 112; 2; 1,1; 12.1
BronchoscopyVideo_2_20260106T094213_openCV_1373.mhd; 1767689071473; 1767689071485; 7; 93; 112; 2; 1,1; 1.5
BronchoscopyVideo_2_20260106T094213_openCV_1374.mhd; 1767689071573; 1767689071585; 7; 89; 112; 2; 1,1; 1.5
BronchoscopyVideo_2_20260106T094213_openCV_1375.mhd; 1767689071673; 1767689071685; 7; 89; 112; 2; 1,1; 4.1
BronchoscopyVideo_2_20260106T094213_openCV_1376.mhd; 1767689071773; 1767689071785; 7; 101; 112; 2; 1,1; 3.7
BronchoscopyVideo_2_20260106T094213_openCV_1377.mhd; 1767689071873; 1767689071885; 7; 103; 112; 2; 1,1; 3
BronchoscopyVideo_2_20260106T094213_openCV_1378.mhd; 1767689071973; 1767689071985; 7; 104; 112; 2; 1,1; 2.2
BronchoscopyVideo_2_20260106T094213_openCV_1379.mhd; 1767689072073; 1767689072084; 7; 105; 112; 2; 1,1; 2.2
BronchoscopyVideo_2_20260106T094213_openCV_1380.mhd; 1767689072173; 1767689072184; 7; 106; 112; 2; 1,1; 1.9
BronchoscopyVideo_2_20260106T094213_openCV_1381.mhd; 1767689072273; 1767689072284; 7; 107; 112; 2; 1,1; 1.9
BronchoscopyVideo_2_20260106T094213_openCV_1382.mhd; 1767689072373; 1767689072384; 7; 108; 112; 2; 1,1; 2
BronchoscopyVideo_2_20260106T094213_openCV_1383.mhd; 1767689072473; 1767689072484; 7; 109; 112; 2; 1,1; 2.7
BronchoscopyVideo_2_20260106T094213_openCV_1384.mhd; 1767689072573; 1767689072584; 7; 111; 112; 2; 1,1; 3
BronchoscopyVideo_2_20260106T094213_openCV_1385.mhd; 1767689072673; 1767689072676; 24; 1; 18; 3; 1,1,2; 3.1
BronchoscopyVideo_2_20260106T094213_openCV_1386.mhd; 1767689072773; 1767689072783; 24; 1; 18; 3; 1,1,2; 2.7
BronchoscopyVideo_2_20260106T094213_openCV_1387.mhd; 1767689072873; 1767689072883; 24; 7; 18; 3; 1,1,2; 3.4
BronchoscopyVideo_2_20260106T094213_openCV_1388.mhd; 1767689072973; 1767689072983; 24; 10; 18; 3; 1,1,2; 4.2
BronchoscopyVideo_2_20260106T094213_openCV_1389.mhd; 1767689073073; 1767689073083; 24; 11; 18; 3; 1,1,2; 4.7
BronchoscopyVideo_2_20260106T094213_openCV_1390.mhd; 1767689073173; 1767689073183; 24; 11; 18; 3; 1,1,2; 5.1
BronchoscopyVideo_2_20260106T094213_openCV_1391.mhd; 1767689073273; 1767689073283; 24; 11; 18; 3; 1,1,2; 5.2
BronchoscopyVideo_2_20260106T094213_openCV_1392.mhd; 1767689073373; 1767689073383; 24; 12; 18; 3; 1,1,2; 4.9
BronchoscopyVideo_2_20260106T094213_openCV_1393.mhd; 1767689073473; 1767689073483; 24; 14; 18; 3; 1,1,2; 5
BronchoscopyVideo_2_20260106T094213_openCV_1394.mhd; 1767689073573; 1767689073583; 54; 3; 39; 4; 1,1,2,2; 4.9
BronchoscopyVideo_2_20260106T094213_openCV_1395.mhd; 1767689073673; 1767689073683; 54; 5; 39; 4; 1,1,2,2; 4.9
BronchoscopyVideo_2_20260106T094213_openCV_1396.mhd; 1767689073774; 1767689073783; 54; 7; 39; 4; 1,1,2,2; 4.5
BronchoscopyVideo_2_20260106T094213_openCV_1397.mhd; 1767689073873; 1767689073883; 54; 8; 39; 4; 1,1,2,2; 4.7
BronchoscopyVideo_2_20260106T094213_openCV_1398.mhd; 1767689073973; 1767689073983; 54; 5; 39; 4; 1,1,2,2; 4.5
BronchoscopyVideo_2_20260106T094213_openCV_1399.mhd; 1767689074073; 1767689074083; 54; 7; 39; 4; 1,1,2,2; 4.6
BronchoscopyVideo_2_20260106T094213_openCV_1400.mhd; 1767689074173; 1767689074183; 54; 7; 39; 4; 1,1,2,2; 4.2
BronchoscopyVideo_2_20260106T094213_openCV_1401.mhd; 1767689074273; 1767689074283; 54; 7; 39; 4; 1,1,2,2; 3.6
BronchoscopyVideo_2_20260106T094213_openCV_1402.mhd; 1767689074373; 1767689074382; 54; 7; 39; 4; 1,1,2,2; 4
BronchoscopyVideo_2_20260106T094213_openCV_1403.mhd; 1767689074473; 1767689074483; 54; 8; 39; 4; 1,1,2,2; 3.7
BronchoscopyVideo_2_20260106T094213_openCV_1404.mhd; 1767689074573; 1767689074583; 54; 10; 39; 4; 1,1,2,2; 3.3
BronchoscopyVideo_2_20260106T094213_openCV_1405.mhd; 1767689074673; 1767689074683; 54; 11; 39; 4; 1,1,2,2; 3.6
BronchoscopyVideo_2_20260106T094213_openCV_1406.mhd; 1767689074773; 1767689074781; 54; 12; 39; 4; 1,1,2,2; 4.1
BronchoscopyVideo_2_20260106T094213_openCV_1407.mhd; 1767689074873; 1767689074882; 54; 12; 39; 4; 1,1,2,2; 4.6
BronchoscopyVideo_2_20260106T094213_openCV_1408.mhd; 1767689074973; 1767689074981; 54; 14; 39; 4; 1,1,2,2; 4.7
BronchoscopyVideo_2_20260106T094213_openCV_1409.mhd; 1767689075073; 1767689075081; 54; 13; 39; 4; 1,1,2,2; 4.5
BronchoscopyVideo_2_20260106T094213_openCV_1410.mhd; 1767689075173; 1767689075181; 54; 14; 39; 4; 1,1,2,2; 4.8
BronchoscopyVideo_2_20260106T094213_openCV_1411.mhd; 1767689075273; 1767689075281; 54; 14; 39; 4; 1,1,2,2; 5
BronchoscopyVideo_2_20260106T094213_openCV_1412.mhd; 1767689075373; 1767689075381; 54; 14; 39; 4; 1,1,2,2; 6.5
BronchoscopyVideo_2_20260106T094213_openCV_1413.mhd; 1767689075473; 1767689075481; 54; 13; 39; 4; 1,1,2,2; 8.1
BronchoscopyVideo_2_20260106T094213_openCV_1414.mhd; 1767689075573; 1767689075556; 54; 14; 39; 4; 1,1,2,2; 8.8
BronchoscopyVideo_2_20260106T094213_openCV_1415.mhd; 1767689075673;-1;-1;-1;-1;-1;-1;-1
BronchoscopyVideo_2_20260106T094213_openCV_1416.mhd; 1767689075773;-1;-1;-1;-1;-1;-1;-1
BronchoscopyVideo_2_20260106T094213_openCV_1417.mhd; 1767689075873;-1;-1;-1;-1;-1;-1;-1
BronchoscopyVideo_2_20260106T094213_openCV_1418.mhd; 1767689075973;-1;-1;-1;-1;-1;-1;-1
BronchoscopyVideo_2_20260106T094213_openCV_1419.mhd; 1767689076073;-1;-1;-1;-1;-1;-1;-1
BronchoscopyVideo_2_20260106T094213_openCV_1420.mhd; 1767689076173; 1767689076231; 54; 26; 39; 4; 1,1,2,2; 10.9
BronchoscopyVideo_2_20260106T094213_openCV_1421.mhd; 1767689076273; 1767689076281; 54; 31; 39; 4; 1,1,2,2; 9.2
BronchoscopyVideo_2_20260106T094213_openCV_1422.mhd; 1767689076373; 1767689076381; 54; 28; 39; 4; 1,1,2,2; 8.2
BronchoscopyVideo_2_20260106T094213_openCV_1423.mhd; 1767689076473; 1767689076481; 54; 29; 39; 4; 1,1,2,2; 7.9
BronchoscopyVideo_2_20260106T094213_openCV_1424.mhd; 1767689076573; 1767689076581; 54; 27; 39; 4; 1,1,2,2; 8.1
BronchoscopyVideo_2_20260106T094213_openCV_1425.mhd; 1767689076673; 1767689076680; 54; 27; 39; 4; 1,1,2,2; 9.4
BronchoscopyVideo_2_20260106T094213_openCV_1426.mhd; 1767689076773; 1767689076780; 21; 5; 9; 5; 1,1,2,2,2; 10.5
BronchoscopyVideo_2_20260106T094213_openCV_1427.mhd; 1767689076873; 1767689076881; 21; 5; 9; 5; 1,1,2,2,2; 10.6
BronchoscopyVideo_2_20260106T094213_openCV_1428.mhd; 1767689076973; 1767689076980; 54; 30; 39; 4; 1,1,2,2; 10
BronchoscopyVideo_2_20260106T094213_openCV_1429.mhd; 1767689077073; 1767689077080; 54; 23; 39; 4; 1,1,2,2; 8.9
BronchoscopyVideo_2_20260106T094213_openCV_1430.mhd; 1767689077173; 1767689077180; 54; 25; 39; 4; 1,1,2,2; 9.7
BronchoscopyVideo_2_20260106T094213_openCV_1431.mhd; 1767689077273; 1767689077230; 54; 27; 39; 4; 1,1,2,2; 9.3
BronchoscopyVideo_2_20260106T094213_openCV_1432.mhd; 1767689077373;-1;-1;-1;-1;-1;-1;-1
BronchoscopyVideo_2_20260106T094213_openCV_1433.mhd; 1767689077473; 1767689077505; 54; 22; 39; 4; 1,1,2,2; 9.7
BronchoscopyVideo_2_20260106T094213_openCV_1434.mhd; 1767689077573; 1767689077580; 54; 19; 39; 4; 1,1,2,2; 5.4
BronchoscopyVideo_2_20260106T094213_openCV_1435.mhd; 1767689077673; 1767689077680; 21; 5; 9; 5; 1,1,2,2,2; 13.2
BronchoscopyVideo_2_20260106T094213_openCV_1436.mhd; 1767689077773; 1767689077780; 54; 12; 39; 4; 1,1,2,2; 4.8
BronchoscopyVideo_2_20260106T094213_openCV_1437.mhd; 1767689077873; 1767689077879; 54; 8; 39; 4; 1,1,2,2; 3.1
BronchoscopyVideo_2_20260106T094213_openCV_1438.mhd; 1767689077973; 1767689077979; 54; 6; 39; 4; 1,1,2,2; 3.1
BronchoscopyVideo_2_20260106T094213_openCV_1439.mhd; 1767689078074; 1767689078079; 54; 6; 39; 4; 1,1,2,2; 2.9
BronchoscopyVideo_2_20260106T094213_openCV_1440.mhd; 1767689078173; 1767689078180; 54; 14; 39; 4; 1,1,2,2; 3.5
BronchoscopyVideo_2_20260106T094213_openCV_1441.mhd; 1767689078273; 1767689078280; 53; 13; 31; 4; 1,1,2,1; 9.1
BronchoscopyVideo_2_20260106T094213_openCV_1442.mhd; 1767689078373; 1767689078380; 91; 6; 72; 6; 1,1,1,2,2,2; 11
BronchoscopyVideo_2_20260106T094213_openCV_1443.mhd; 1767689078473; 1767689078480; 23; 13; 24; 3; 1,1,1; 8
BronchoscopyVideo_2_20260106T094213_openCV_1444.mhd; 1767689078573; 1767689078555; 53; 17; 31; 4; 1,1,2,1; 10.7
BronchoscopyVideo_2_20260106T094213_openCV_1445.mhd; 1767689078673;-1;-1;-1;-1;-1;-1;-1
BronchoscopyVideo_2_20260106T094213_openCV_1446.mhd; 1767689078773; 1767689078779; 54; 19; 39; 4; 1,1,2,2; 3.7
BronchoscopyVideo_2_20260106T094213_openCV_1447.mhd; 1767689078874; 1767689078879; 53; 17; 31; 4; 1,1,2,1; 11.7
BronchoscopyVideo_2_20260106T094213_openCV_1448.mhd; 1767689078973; 1767689079003; 54; 24; 39; 4; 1,1,2,2; 0.5
BronchoscopyVideo_2_20260106T094213_openCV_1449.mhd; 1767689079073; 1767689079079; 54; 22; 39; 4; 1,1,2,2; 3.3
BronchoscopyVideo_2_20260106T094213_openCV_1450.mhd; 1767689079173; 1767689079178; 22; 4; 23; 5; 1,1,2,2,1; 12.3
BronchoscopyVideo_2_20260106T094213_openCV_1451.mhd; 1767689079273; 1767689079254; 94; 5; 19; 6; 1,1,1,1,2,1; 7.6
BronchoscopyVideo_2_20260106T094213_openCV_1452.mhd; 1767689079373; 1767689079378; 54; 28; 39; 4; 1,1,2,2; 1.9
BronchoscopyVideo_2_20260106T094213_openCV_1453.mhd; 1767689079473; 1767689079478; 54; 13; 39; 4; 1,1,2,2; 3.3
BronchoscopyVideo_2_20260106T094213_openCV_1454.mhd; 1767689079573; 1767689079529; 47; 7; 13; 6; 1,1,1,2,1,1; 10.9
BronchoscopyVideo_2_20260106T094213_openCV_1455.mhd; 1767689079673; 1767689079678; 54; 25; 39; 4; 1,1,2,2; 0.9
BronchoscopyVideo_2_20260106T094213_openCV_1456.mhd; 1767689079773; 1767689079778; 54; 22; 39; 4; 1,1,2,2; 1
BronchoscopyVideo_2_20260106T094213_openCV_1457.mhd; 1767689079873; 1767689079878; 54; 23; 39; 4; 1,1,2,2; 0.5
BronchoscopyVideo_2_20260106T094213_openCV_1458.mhd; 1767689079973; 1767689079978; 54; 24; 39; 4; 1,1,2,2; 1
BronchoscopyVideo_2_20260106T094213_openCV_1459.mhd; 1767689080073; 1767689080078; 54; 23; 39; 4; 1,1,2,2; 0.6
BronchoscopyVideo_2_20260106T094213_openCV_1460.mhd; 1767689080174; 1767689080178; 54; 13; 39; 4; 1,1,2,2; 5.2
BronchoscopyVideo_2_20260106T094213_openCV_1461.mhd; 1767689080273; 1767689080278; 54; 14; 39; 4; 1,1,2,2; 4.9
BronchoscopyVideo_2_20260106T094213_openCV_1462.mhd; 1767689080373; 1767689080378; 54; 15; 39; 4; 1,1,2,2; 3.3
BronchoscopyVideo_2_20260106T094213_openCV_1463.mhd; 1767689080473; 1767689080478; 54; 13; 39; 4; 1,1,2,2; 2.3
BronchoscopyVideo_2_20260106T094213_openCV_1464.mhd; 1767689080573; 1767689080553; 54; 8; 39; 4; 1,1,2,2; 7.6
BronchoscopyVideo_2_20260106T094213_openCV_1465.mhd; 1767689080673; 1767689080678; 54; 15; 39; 4; 1,1,2,2; 2.8
BronchoscopyVideo_2_20260106T094213_openCV_1466.mhd; 1767689080773; 1767689080778; 54; 27; 39; 4; 1,1,2,2; 9.7
BronchoscopyVideo_2_20260106T094213_openCV_1467.mhd; 1767689080873; 1767689080828; 54; 25; 39; 4; 1,1,2,2; 8.5
BronchoscopyVideo_2_20260106T094213_openCV_1468.mhd; 1767689080973;-1;-1;-1;-1;-1;-1;-1
BronchoscopyVideo_2_20260106T094213_openCV_1469.mhd; 1767689081073; 1767689081078; 54; 14; 39; 4; 1,1,2,2; 3.1
BronchoscopyVideo_2_20260106T094213_openCV_1470.mhd; 1767689081173; 1767689081177; 54; 12; 39; 4; 1,1,2,2; 3.2
BronchoscopyVideo_2_20260106T094213_openCV_1471.mhd; 1767689081273; 1767689081276; 54; 9; 39; 4; 1,1,2,2; 2.4
BronchoscopyVideo_2_20260106T094213_openCV_1472.mhd; 1767689081373; 1767689081376; 54; 5; 39; 4; 1,1,2,2; 2.3
BronchoscopyVideo_2_20260106T094213_openCV_1473.mhd; 1767689081473; 1767689081476; 54; 2; 39; 4; 1,1,2,2; 2
BronchoscopyVideo_2_20260106T094213_openCV_1474.mhd; 1767689081573; 1767689081576; 24; 17; 18; 3; 1,1,2; 1.5
BronchoscopyVideo_2_20260106T094213_openCV_1475.mhd; 1767689081673; 1767689081676; 24; 17; 18; 3; 1,1,2; 1.4
BronchoscopyVideo_2_20260106T094213_openCV_1476.mhd; 1767689081773; 1767689081776; 54; 1; 39; 4; 1,1,2,2; 1.3
BronchoscopyVideo_2_20260106T094213_openCV_1477.mhd; 1767689081873; 1767689081876; 54; 1; 39; 4; 1,1,2,2; 1.3
BronchoscopyVideo_2_20260106T094213_openCV_1478.mhd; 1767689081973; 1767689081976; 54; 5; 39; 4; 1,1,2,2; 2.8
BronchoscopyVideo_2_20260106T094213_openCV_1479.mhd; 1767689082073; 1767689082076; 53; 4; 31; 4; 1,1,2,1; 0.9
BronchoscopyVideo_2_20260106T094213_openCV_1480.mhd; 1767689082173; 1767689082176; 54; 3; 39; 4; 1,1,2,2; 1.8
BronchoscopyVideo_2_20260106T094213_openCV_1481.mhd; 1767689082273; 1767689082276; 54; 3; 39; 4; 1,1,2,2; 2.7
BronchoscopyVideo_2_20260106T094213_openCV_1482.mhd; 1767689082373; 1767689082376; 53; 1; 31; 4; 1,1,2,1; 2.1
BronchoscopyVideo_2_20260106T094213_openCV_1483.mhd; 1767689082473; 1767689082476; 53; 2; 31; 4; 1,1,2,1; 1.9
BronchoscopyVideo_2_20260106T094213_openCV_1484.mhd; 1767689082573; 1767689082576; 24; 18; 18; 3; 1,1,2; 2.7
BronchoscopyVideo_2_20260106T094213_openCV_1485.mhd; 1767689082674; 1767689082651; 53; 2; 31; 4; 1,1,2,1; 2.2
BronchoscopyVideo_2_20260106T094213_openCV_1486.mhd; 1767689082773;-1;-1;-1;-1;-1;-1;-1
BronchoscopyVideo_2_20260106T094213_openCV_1487.mhd; 1767689082873;-1;-1;-1;-1;-1;-1;-1
BronchoscopyVideo_2_20260106T094213_openCV_1488.mhd; 1767689082973;-1;-1;-1;-1;-1;-1;-1
BronchoscopyVideo_2_20260106T094213_openCV_1489.mhd; 1767689083073; 1767689083100; 24; 14; 18; 3; 1,1,2; 2.2
BronchoscopyVideo_2_20260106T094213_openCV_1490.mhd; 1767689083173;-1;-1;-1;-1;-1;-1;-1
BronchoscopyVideo_2_20260106T094213_openCV_1491.mhd; 1767689083273;-1;-1;-1;-1;-1;-1;-1
BronchoscopyVideo_2_20260106T094213_openCV_1492.mhd; 1767689083373; 1767689083375; 24; 16; 18; 3; 1,1,2; 1.5
BronchoscopyVideo_2_20260106T094213_openCV_1493.mhd; 1767689083473; 1767689083475; 24; 8; 18; 3; 1,1,2; 0.9
BronchoscopyVideo_2_20260106T094213_openCV_1494.mhd; 1767689083573; 1767689083575; 24; 8; 18; 3; 1,1,2; 3.7
BronchoscopyVideo_2_20260106T094213_openCV_1495.mhd; 1767689083673; 1767689083675; 24; 6; 18; 3; 1,1,2; 1.3
BronchoscopyVideo_2_20260106T094213_openCV_1496.mhd; 1767689083774; 1767689083775; 24; 7; 18; 3; 1,1,2; 0.7
BronchoscopyVideo_2_20260106T094213_openCV_1497.mhd; 1767689083873; 1767689083875; 23; 2; 24; 3; 1,1,1; 0.7
BronchoscopyVideo_2_20260106T094213_openCV_1498.mhd; 1767689083973; 1767689083975; 23; 2; 24; 3; 1,1,1; 0.8
BronchoscopyVideo_2_20260106T094213_openCV_1499.mhd; 1767689084073; 1767689084075; 7; 109; 112; 2; 1,1; 0.8
BronchoscopyVideo_2_20260106T094213_openCV_1500.mhd; 1767689084173; 1767689084175; 7; 103; 112; 2; 1,1; 2.3
BronchoscopyVideo_2_20260106T094213_openCV_1501.mhd; 1767689084273; 1767689084274; 7; 100; 112; 2; 1,1; 1.7
BronchoscopyVideo_2_20260106T094213_openCV_1502.mhd; 1767689084373; 1767689084374; 7; 100; 112; 2; 1,1; 1.4
BronchoscopyVideo_2_20260106T094213_openCV_1503.mhd; 1767689084474; 1767689084474; 7; 102; 112; 2; 1,1; 1.5
BronchoscopyVideo_2_20260106T094213_openCV_1504.mhd; 1767689084573; 1767689084574; 7; 102; 112; 2; 1,1; 2.9
BronchoscopyVideo_2_20260106T094213_openCV_1505.mhd; 1767689084673; 1767689084674; 7; 99; 112; 2; 1,1; 2.9
BronchoscopyVideo_2_20260106T094213_openCV_1506.mhd; 1767689084773; 1767689084774; 7; 99; 112; 2; 1,1; 1.5
BronchoscopyVideo_2_20260106T094213_openCV_1507.mhd; 1767689084873; 1767689084874; 7; 94; 112; 2; 1,1; 1.6
BronchoscopyVideo_2_20260106T094213_openCV_1508.mhd; 1767689084973; 1767689084974; 7; 94; 112; 2; 1,1; 2.6
BronchoscopyVideo_2_20260106T094213_openCV_1509.mhd; 1767689085073; 1767689085074; 7; 103; 112; 2; 1,1; 3.2
BronchoscopyVideo_2_20260106T094213_openCV_1510.mhd; 1767689085173; 1767689085174; 7; 103; 112; 2; 1,1; 3.4
BronchoscopyVideo_2_20260106T094213_openCV_1511.mhd; 1767689085273; 1767689085274; 7; 101; 112; 2; 1,1; 3.3
BronchoscopyVideo_2_20260106T094213_openCV_1512.mhd; 1767689085374; 1767689085373; 7; 100; 112; 2; 1,1; 3.4
BronchoscopyVideo_2_20260106T094213_openCV_1513.mhd; 1767689085473; 1767689085474; 7; 98; 112; 2; 1,1; 2.4
BronchoscopyVideo_2_20260106T094213_openCV_1514.mhd; 1767689085573; 1767689085574; 7; 96; 112; 2; 1,1; 1
BronchoscopyVideo_2_20260106T094213_openCV_1515.mhd; 1767689085673; 1767689085673; 23; 10; 24; 3; 1,1,1; 8.3
BronchoscopyVideo_2_20260106T094213_openCV_1516.mhd; 1767689085773; 1767689085773; 7; 96; 112; 2; 1,1; 2.6
BronchoscopyVideo_2_20260106T094213_openCV_1517.mhd; 1767689085873; 1767689085873; 7; 96; 112; 2; 1,1; 1.5
BronchoscopyVideo_2_20260106T094213_openCV_1518.mhd; 1767689085973; 1767689085973; 7; 94; 112; 2; 1,1; 2.3
BronchoscopyVideo_2_20260106T094213_openCV_1519.mhd; 1767689086073; 1767689086073; 7; 96; 112; 2; 1,1; 2.7
BronchoscopyVideo_2_20260106T094213_openCV_1520.mhd; 1767689086173; 1767689086173; 7; 96; 112; 2; 1,1; 2.5
BronchoscopyVideo_2_20260106T094213_openCV_1521.mhd; 1767689086273; 1767689086273; 7; 98; 112; 2; 1,1; 2.2
BronchoscopyVideo_2_20260106T094213_openCV_1522.mhd; 1767689086373; 1767689086373; 7; 96; 112; 2; 1,1; 3.5
BronchoscopyVideo_2_20260106T094213_openCV_1523.mhd; 1767689086473; 1767689086473; 7; 96; 112; 2; 1,1; 8.1
BronchoscopyVideo_2_20260106T094213_openCV_1524.mhd; 1767689086573; 1767689086573; 139; 4; 15; 8; 1,1,1,1,2,2,1,1; 15.7
BronchoscopyVideo_2_20260106T094213_openCV_1525.mhd; 1767689086673; 1767689086673; 7; 103; 112; 2; 1,1; 1.8
BronchoscopyVideo_2_20260106T094213_openCV_1526.mhd; 1767689086773; 1767689086773; 7; 102; 112; 2; 1,1; 3.2
BronchoscopyVideo_2_20260106T094213_openCV_1527.mhd; 1767689086873; 1767689086873; 7; 103; 112; 2; 1,1; 3.7
BronchoscopyVideo_2_20260106T094213_openCV_1528.mhd; 1767689086973; 1767689086973; 7; 103; 112; 2; 1,1; 2.4
BronchoscopyVideo_2_20260106T094213_openCV_1529.mhd; 1767689087073; 1767689087073; 7; 102; 112; 2; 1,1; 2.2
BronchoscopyVideo_2_20260106T094213_openCV_1530.mhd; 1767689087173; 1767689087173; 7; 105; 112; 2; 1,1; 3.1
BronchoscopyVideo_2_20260106T094213_openCV_1531.mhd; 1767689087273; 1767689087272; 7; 105; 112; 2; 1,1; 2.9
BronchoscopyVideo_2_20260106T094213_openCV_1532.mhd; 1767689087373; 1767689087373; 7; 106; 112; 2; 1,1; 4.1
BronchoscopyVideo_2_20260106T094213_openCV_1533.mhd; 1767689087473; 1767689087471; 7; 108; 112; 2; 1,1; 5.2
BronchoscopyVideo_2_20260106T094213_openCV_1534.mhd; 1767689087573; 1767689087571; 7; 109; 112; 2; 1,1; 5.3
BronchoscopyVideo_2_20260106T094213_openCV_1535.mhd; 1767689087673; 1767689087671; 24; 1; 18; 3; 1,1,2; 4.5
BronchoscopyVideo_2_20260106T094213_openCV_1536.mhd; 1767689087773; 1767689087771; 7; 111; 112; 2; 1,1; 5.2
BronchoscopyVideo_2_20260106T094213_openCV_1537.mhd; 1767689087873; 1767689087871; 24; 2; 18; 3; 1,1,2; 5.5
BronchoscopyVideo_2_20260106T094213_openCV_1538.mhd; 1767689087973; 1767689087971; 24; 3; 18; 3; 1,1,2; 5.9
BronchoscopyVideo_2_20260106T094213_openCV_1539.mhd; 1767689088073; 1767689088071; 24; 3; 18; 3; 1,1,2; 6.8
BronchoscopyVideo_2_20260106T094213_openCV_1540.mhd; 1767689088173; 1767689088171; 24; 6; 18; 3; 1,1,2; 7.6
BronchoscopyVideo_2_20260106T094213_openCV_1541.mhd; 1767689088273; 1767689088271; 24; 6; 18; 3; 1,1,2; 8.1
BronchoscopyVideo_2_20260106T094213_openCV_1542.mhd; 1767689088373; 1767689088371; 24; 8; 18; 3; 1,1,2; 7.1
BronchoscopyVideo_2_20260106T094213_openCV_1543.mhd; 1767689088473; 1767689088471; 24; 7; 18; 3; 1,1,2; 8.4
BronchoscopyVideo_2_20260106T094213_openCV_1544.mhd; 1767689088573; 1767689088571; 24; 10; 18; 3; 1,1,2; 9
BronchoscopyVideo_2_20260106T094213_openCV_1545.mhd; 1767689088673; 1767689088671; 24; 15; 18; 3; 1,1,2; 6.2
BronchoscopyVideo_2_20260106T094213_openCV_1546.mhd; 1767689088773; 1767689088771; 24; 12; 18; 3; 1,1,2; 8.6
BronchoscopyVideo_2_20260106T094213_openCV_1547.mhd; 1767689088873; 1767689088871; 24; 12; 18; 3; 1,1,2; 9
BronchoscopyVideo_2_20260106T094213_openCV_1548.mhd; 1767689088973; 1767689088971; 24; 12; 18; 3; 1,1,2; 8.8
BronchoscopyVideo_2_20260106T094213_openCV_1549.mhd; 1767689089073; 1767689089071; 24; 11; 18; 3; 1,1,2; 8.8
BronchoscopyVideo_2_20260106T094213_openCV_1550.mhd; 1767689089173; 1767689089171; 24; 11; 18; 3; 1,1,2; 5.9
BronchoscopyVideo_2_20260106T094213_openCV_1551.mhd; 1767689089273; 1767689089271; 24; 5; 18; 3; 1,1,2; 6.4
BronchoscopyVideo_2_20260106T094213_openCV_1552.mhd; 1767689089374; 1767689089371; 7; 107; 112; 2; 1,1; 4.7
BronchoscopyVideo_2_20260106T094213_openCV_1553.mhd; 1767689089473; 1767689089471; 7; 105; 112; 2; 1,1; 6.9
BronchoscopyVideo_2_20260106T094213_openCV_1554.mhd; 1767689089573; 1767689089571; 7; 106; 112; 2; 1,1; 6.8
BronchoscopyVideo_2_20260106T094213_openCV_1555.mhd; 1767689089640; 1767689089645; 7; 104; 112; 2; 1,1; 5.6
BronchoscopyVideo_2_20260106T094213_openCV_1556.mhd; 1767689089707; 1767689089695; 7; 107; 112; 2; 1,1; 6.1
BronchoscopyVideo_2_20260106T094213_openCV_1557.mhd; 1767689089807; 1767689089795; 7; 110; 112; 2; 1,1; 6.1
BronchoscopyVideo_2_20260106T094213_openCV_1558.mhd; 1767689089907; 1767689089895; 7; 106; 112; 2; 1,1; 4.5
BronchoscopyVideo_2_20260106T094213_openCV_1559.mhd; 1767689090007; 1767689089995; 7; 106; 112; 2; 1,1; 3.6
BronchoscopyVideo_2_20260106T094213_openCV_1560.mhd; 1767689090107; 1767689090095; 7; 106; 112; 2; 1,1; 3
BronchoscopyVideo_2_20260106T094213_openCV_1561.mhd; 1767689090207; 1767689090219; 7; 105; 112; 2; 1,1; 3.6
BronchoscopyVideo_2_20260106T094213_openCV_1562.mhd; 1767689090307; 1767689090295; 7; 106; 112; 2; 1,1; 3.2
BronchoscopyVideo_2_20260106T094213_openCV_1563.mhd; 1767689090407; 1767689090419; 7; 105; 112; 2; 1,1; 3.9
BronchoscopyVideo_2_20260106T094213_openCV_1564.mhd; 1767689090507; 1767689090519; 7; 103; 112; 2; 1,1; 3.1
BronchoscopyVideo_2_20260106T094213_openCV_1565.mhd; 1767689090607; 1767689090595; 7; 78; 112; 2; 1,1; 12.5
BronchoscopyVideo_2_20260106T094213_openCV_1566.mhd; 1767689090707; 1767689090719; 7; 100; 112; 2; 1,1; 2.3
BronchoscopyVideo_2_20260106T094213_openCV_1567.mhd; 1767689090807; 1767689090819; 7; 89; 112; 2; 1,1; 1.9
BronchoscopyVideo_2_20260106T094213_openCV_1568.mhd; 1767689090907; 1767689090919; 7; 76; 112; 2; 1,1; 2.5
BronchoscopyVideo_2_20260106T094213_openCV_1569.mhd; 1767689091007; 1767689091019; 7; 65; 112; 2; 1,1; 3.6
BronchoscopyVideo_2_20260106T094213_openCV_1570.mhd; 1767689091107; 1767689091119; 7; 57; 112; 2; 1,1; 4.3
BronchoscopyVideo_2_20260106T094213_openCV_1571.mhd; 1767689091207; 1767689091219; 7; 50; 112; 2; 1,1; 4.9
BronchoscopyVideo_2_20260106T094213_openCV_1572.mhd; 1767689091307; 1767689091319; 7; 41; 112; 2; 1,1; 4.5
BronchoscopyVideo_2_20260106T094213_openCV_1573.mhd; 1767689091407; 1767689091418; 7; 29; 112; 2; 1,1; 3.6
BronchoscopyVideo_2_20260106T094213_openCV_1574.mhd; 1767689091507; 1767689091518; 7; 19; 112; 2; 1,1; 0.9
BronchoscopyVideo_2_20260106T094213_openCV_1575.mhd; 1767689091607; 1767689091618; 7; 5; 112; 2; 1,1; 3.3
BronchoscopyVideo_2_20260106T094213_openCV_1576.mhd; 1767689091707; 1767689091669; 0; 138; 144; 1; 1; 3.8
BronchoscopyVideo_2_20260106T094213_openCV_1577.mhd; 1767689091807;-1;-1;-1;-1;-1;-1;-1
BronchoscopyVideo_2_20260106T094213_openCV_1578.mhd; 1767689091907; 1767689091893; 0; 116; 144; 1; 1; 5.2
BronchoscopyVideo_2_20260106T094213_openCV_1579.mhd; 1767689092007; 1767689092018; 0; 119; 144; 1; 1; 4.5
BronchoscopyVideo_2_20260106T094213_openCV_1580.mhd; 1767689092107; 1767689092118; 0; 113; 144; 1; 1; 4.7
BronchoscopyVideo_2_20260106T094213_openCV_1581.mhd; 1767689092207; 1767689092218; 0; 107; 144; 1; 1; 5
BronchoscopyVideo_2_20260106T094213_openCV_1582.mhd; 1767689092307; 1767689092293; 0; 108; 144; 1; 1; 7.1
BronchoscopyVideo_2_20260106T094213_openCV_1583.mhd; 1767689092407; 1767689092418; 0; 101; 144; 1; 1; 3.6
BronchoscopyVideo_2_20260106T094213_openCV_1584.mhd; 1767689092507; 1767689092518; 0; 92; 144; 1; 1; 3.7
BronchoscopyVideo_2_20260106T094213_openCV_1585.mhd; 1767689092607; 1767689092618; 0; 87; 144; 1; 1; 1.7
BronchoscopyVideo_2_20260106T094213_openCV_1586.mhd; 1767689092707; 1767689092718; 0; 85; 144; 1; 1; 2
BronchoscopyVideo_2_20260106T094213_openCV_1587.mhd; 1767689092807; 1767689092818; 0; 77; 144; 1; 1; 4
BronchoscopyVideo_2_20260106T094213_openCV_1588.mhd; 1767689092907; 1767689092918; 0; 77; 144; 1; 1; 4
BronchoscopyVideo_2_20260106T094213_openCV_1589.mhd; 1767689093007; 1767689093018; 0; 76; 144; 1; 1; 0.8
BronchoscopyVideo_2_20260106T094213_openCV_1590.mhd; 1767689093107; 1767689093118; 0; 73; 144; 1; 1; 1.8
BronchoscopyVideo_2_20260106T094213_openCV_1591.mhd; 1767689093207; 1767689093218; 0; 72; 144; 1; 1; 2.4
BronchoscopyVideo_2_20260106T094213_openCV_1592.mhd; 1767689093307; 1767689093317; 0; 71; 144; 1; 1; 0.6
BronchoscopyVideo_2_20260106T094213_openCV_1593.mhd; 1767689093407; 1767689093416; 0; 71; 144; 1; 1; 0.3
BronchoscopyVideo_2_20260106T094213_openCV_1594.mhd; 1767689093507; 1767689093516; 0; 71; 144; 1; 1; 1.1
BronchoscopyVideo_2_20260106T094213_openCV_1595.mhd; 1767689093607; 1767689093616; 0; 70; 144; 1; 1; 3.1
BronchoscopyVideo_2_20260106T094213_openCV_1596.mhd; 1767689093707; 1767689093716; 0; 71; 144; 1; 1; 3.1
BronchoscopyVideo_2_20260106T094213_openCV_1597.mhd; 1767689093807; 1767689093816; 0; 69; 144; 1; 1; 1.1
BronchoscopyVideo_2_20260106T094213_openCV_1598.mhd; 1767689093907; 1767689093916; 0; 69; 144; 1; 1; 0.6
BronchoscopyVideo_2_20260106T094213_openCV_1599.mhd; 1767689094007; 1767689094016; 0; 37; 144; 1; 1; 2.8
BronchoscopyVideo_2_20260106T094213_openCV_1600.mhd; 1767689094107;-1;-1;-1;-1;-1;-1;-1
BronchoscopyVideo_2_20260106T094213_openCV_1601.mhd; 1767689094207;-1;-1;-1;-1;-1;-1;-1
BronchoscopyVideo_2_20260106T094213_openCV_1602.mhd; 1767689094307;-1;-1;-1;-1;-1;-1;-1
BronchoscopyVideo_2_20260106T094213_openCV_1603.mhd; 1767689094407;-1;-1;-1;-1;-1;-1;-1
BronchoscopyVideo_2_20260106T094213_openCV_1604.mhd; 1767689094507;-1;-1;-1;-1;-1;-1;-1
BronchoscopyVideo_2_20260106T094213_openCV_1605.mhd; 1767689094607;-1;-1;-1;-1;-1;-1;-1
BronchoscopyVideo_2_20260106T094213_openCV_1606.mhd; 1767689094707;-1;-1;-1;-1;-1;-1;-1
BronchoscopyVideo_2_20260106T094213_openCV_1607.mhd; 1767689094807;-1;-1;-1;-1;-1;-1;-1
BronchoscopyVideo_2_20260106T094213_openCV_1608.mhd; 1767689094907;-1;-1;-1;-1;-1;-1;-1
BronchoscopyVideo_2_20260106T094213_openCV_1609.mhd; 1767689095007;-1;-1;-1;-1;-1;-1;-1
BronchoscopyVideo_2_20260106T094213_openCV_1610.mhd; 1767689095107;-1;-1;-1;-1;-1;-1;-1
BronchoscopyVideo_2_20260106T094213_openCV_1611.mhd; 1767689095207;-1;-1;-1;-1;-1;-1;-1
BronchoscopyVideo_2_20260106T094213_openCV_1612.mhd; 1767689095307;-1;-1;-1;-1;-1;-1;-1
BronchoscopyVideo_2_20260106T094213_openCV_1613.mhd; 1767689095407;-1;-1;-1;-1;-1;-1;-1
BronchoscopyVideo_2_20260106T094213_openCV_1614.mhd; 1767689095507;-1;-1;-1;-1;-1;-1;-1
BronchoscopyVideo_2_20260106T094213_openCV_1615.mhd; 1767689095607;-1;-1;-1;-1;-1;-1;-1
BronchoscopyVideo_2_20260106T094213_openCV_1616.mhd; 1767689095707;-1;-1;-1;-1;-1;-1;-1
BronchoscopyVideo_2_20260106T094213_openCV_1617.mhd; 1767689095807;-1;-1;-1;-1;-1;-1;-1
BronchoscopyVideo_2_20260106T094213_openCV_1618.mhd; 1767689095907;-1;-1;-1;-1;-1;-1;-1
BronchoscopyVideo_2_20260106T094213_openCV_1619.mhd; 1767689096007;-1;-1;-1;-1;-1;-1;-1
